min_price,days_to_flight,depart_weekday,is_weekend,day_of_month,week_of_month,is_bayram,days_to_bayram,bayram_proximity,flight_count,airline_count,route_global_avg,route_global_std,temp_max,temp_min,precipitation,wind_speed,is_bad_weather,route_ADB_IST,route_AYT_IST,route_ESB_SAW,route_IST_ADB,route_IST_AYT,route_SAW_ESB,bayram_period_Bayram,bayram_period_Bayram Oncesi,bayram_period_Bayram Sonrasi,bayram_period_Normal,weather_condition_Acik,weather_condition_Ciseleme,weather_condition_Firtinali,weather_condition_Karli,weather_condition_Yagmurlu
1639.0,1,4,0,1,1,0,26,0.0243728440732796,36,3,1936.08,588.2293117851602,11.4,8.6,15.2,21.6,0,1,0,0,0,0,0,0,0,0,1,0,0,0,0,1
1639.0,2,5,1,2,1,0,25,0.028115659748972035,36,3,1936.08,588.2293117851602,12.8,7.0,0.4,22.3,0,1,0,0,0,0,0,0,0,0,1,0,1,0,0,0
1689.0,3,6,1,3,1,0,24,0.032433240894795524,35,3,1936.08,588.2293117851602,11.6,7.7,6.9,31.8,0,1,0,0,0,0,0,0,0,0,1,0,0,0,0,1
1509.0,4,0,0,4,1,0,23,0.03741385136723659,36,3,1936.08,588.2293117851602,14.6,10.1,1.0,24.6,0,1,0,0,0,0,0,0,0,0,1,0,1,0,0,0
1478.0,5,1,0,5,1,0,22,0.0431593092614526,34,3,1936.08,588.2293117851602,15.6,10.2,0.1,14.5,0,1,0,0,0,0,0,0,0,0,1,0,1,0,0,0
1478.0,6,2,0,6,1,0,21,0.049787068367863944,32,3,1936.08,588.2293117851602,19.5,6.9,0.0,9.9,0,1,0,0,0,0,0,0,0,0,1,1,0,0,0,0
1478.0,7,3,0,7,1,0,20,0.05743261926761735,37,3,1936.08,588.2293117851602,23.8,8.1,0.0,11.5,0,1,0,0,0,0,0,0,0,0,1,1,0,0,0,0
1478.0,8,4,0,8,2,0,19,0.06625225915226167,36,3,1936.08,588.2293117851602,25.9,12.9,0.3,14.4,0,1,0,0,0,0,0,0,0,0,1,0,1,0,0,0
1478.0,9,5,1,9,2,0,18,0.07642628699076807,36,3,1936.08,588.2293117851602,24.9,15.7,2.9,13.4,0,1,0,0,0,0,0,0,0,0,1,0,0,0,0,1
1478.0,10,6,1,10,2,0,17,0.08816268936235745,37,3,1936.08,588.2293117851602,24.8,15.2,0.2,12.7,0,1,0,0,0,0,0,0,0,0,1,0,1,0,0,0
1478.0,11,0,0,11,2,0,16,0.10170139230422684,37,3,1936.08,588.2293117851602,26.8,16.0,0.0,11.9,0,1,0,0,0,0,0,0,0,0,1,1,0,0,0,0
1478.0,12,1,0,12,2,0,15,0.11731916609425078,37,3,1936.08,588.2293117851602,28.4,17.6,0.2,24.0,0,1,0,0,0,0,0,0,0,0,1,0,1,0,0,0
1478.0,13,2,0,13,2,0,14,0.1353352832366127,33,3,1936.08,588.2293117851602,23.8,15.9,0.4,16.8,0,1,0,0,0,0,0,0,0,0,1,0,1,0,0,0
1478.0,14,3,0,14,2,0,13,0.15611804531597107,37,3,1936.08,588.2293117851602,18.5,11.9,0.5,21.0,0,1,0,0,0,0,0,0,0,0,1,0,1,0,0,0
1854.0,15,4,0,15,3,0,12,0.1800923121479524,36,3,1936.08,588.2293117851602,21.1,9.6,0.0,11.2,0,1,0,0,0,0,0,0,0,0,1,1,0,0,0,0
2144.0,16,5,1,16,3,0,11,0.20774818714360085,37,3,1936.08,588.2293117851602,26.0,13.8,2.4,22.7,0,1,0,0,0,0,0,0,0,0,1,0,0,0,0,1
1478.0,17,6,1,17,3,0,10,0.2396510364417758,38,3,1936.08,588.2293117851602,21.4,14.4,8.3,23.6,0,1,0,0,0,0,0,0,0,0,1,0,0,0,0,1
1478.0,18,0,0,18,3,0,9,0.2764530466295643,38,3,1936.08,588.2293117851602,20.3,12.7,0.7,12.8,0,1,0,0,0,0,0,0,0,0,1,0,1,0,0,0
1478.0,19,1,0,19,3,0,8,0.31890655732397044,40,3,1936.08,588.2293117851602,24.9,13.8,0.0,16.0,0,1,0,0,0,0,0,0,0,0,1,1,0,0,0,0
1478.0,20,2,0,20,3,0,7,0.36787944117144233,36,3,1936.08,588.2293117851602,20.1,15.2,3.2,20.6,0,1,0,0,0,0,0,0,1,0,0,0,1,0,0,0
2271.0,21,3,0,21,3,0,6,0.42437284567695,38,3,1936.08,588.2293117851602,21.4,14.7,3.7,15.0,0,1,0,0,0,0,0,0,1,0,0,0,1,0,0,0
2066.0,22,4,0,22,4,0,5,0.4895416595569531,37,3,1936.08,588.2293117851602,21.4,15.8,4.4,12.9,0,1,0,0,0,0,0,0,1,0,0,0,1,0,0,0
2798.0,23,5,1,23,4,0,4,0.5647181220077593,37,3,1936.08,588.2293117851602,20.5,15.8,0.3,15.8,0,1,0,0,0,0,0,0,1,0,0,0,1,0,0,0
3233.0,24,6,1,24,4,0,3,0.6514390575310556,37,3,1936.08,588.2293117851602,21.8,15.2,4.1,18.9,0,1,0,0,0,0,0,0,1,0,0,0,1,0,0,0
2271.0,25,0,0,25,4,0,2,0.751477293075286,39,3,1936.08,588.2293117851602,25.1,14.6,0.0,14.8,0,1,0,0,0,0,0,0,1,0,0,1,0,0,0,0
2798.0,26,1,0,26,4,0,1,0.8668778997501816,40,3,1936.08,588.2293117851602,27.2,15.1,0.3,16.5,0,1,0,0,0,0,0,0,1,0,0,0,1,0,0,0
2362.0,27,2,0,27,4,1,0,1.0,34,3,1936.08,588.2293117851602,29.1,15.9,0.0,15.7,0,1,0,0,0,0,0,1,0,0,0,1,0,0,0,0
2587.0,28,3,0,28,4,1,0,1.0,39,3,1936.08,588.2293117851602,29.8,17.4,1.3,18.9,0,1,0,0,0,0,0,1,0,0,0,0,1,0,0,0
3383.0,29,4,0,29,5,1,0,1.0,37,3,1936.08,588.2293117851602,21.5,16.5,0.1,24.2,0,1,0,0,0,0,0,1,0,0,0,0,1,0,0,0
3583.0,30,5,1,30,5,1,0,1.0,38,3,1936.08,588.2293117851602,23.4,13.4,0.0,16.7,0,1,0,0,0,0,0,1,0,0,0,1,0,0,0,0
4249.0,31,6,1,31,5,0,1,0.8668778997501816,42,3,1936.08,588.2293117851602,27.1,16.9,0.1,13.8,0,1,0,0,0,0,0,0,0,1,0,0,1,0,0,0
2128.0,21,0,0,1,1,0,2,0.751477293075286,40,3,1936.08,588.2293117851602,28.2,18.5,0.3,12.5,0,1,0,0,0,0,0,0,0,1,0,0,1,0,0,0
1530.0,22,1,0,2,1,0,3,0.6514390575310556,39,3,1936.08,588.2293117851602,32.0,19.9,0.0,12.8,0,1,0,0,0,0,0,0,0,1,0,1,0,0,0,0
1530.0,23,2,0,3,1,0,4,0.5647181220077593,36,3,1936.08,588.2293117851602,31.5,20.2,0.0,13.2,0,1,0,0,0,0,0,0,0,1,0,1,0,0,0,0
1530.0,24,3,0,4,1,0,5,0.4895416595569531,38,3,1936.08,588.2293117851602,32.2,20.9,0.0,11.7,0,1,0,0,0,0,0,0,0,1,0,1,0,0,0,0
1530.0,25,4,0,5,1,0,6,0.42437284567695,36,3,1936.08,588.2293117851602,30.5,19.5,0.7,17.3,0,1,0,0,0,0,0,0,0,1,0,0,1,0,0,0
1530.0,26,5,1,6,1,0,7,0.36787944117144233,38,3,1936.08,588.2293117851602,28.3,17.5,0.0,16.0,0,1,0,0,0,0,0,0,0,1,0,1,0,0,0,0
1481.0,27,6,1,7,1,0,8,0.31890655732397044,35,3,1936.08,588.2293117851602,29.7,18.7,0.0,17.3,0,1,0,0,0,0,0,0,0,0,1,1,0,0,0,0
1530.0,28,0,0,8,2,0,9,0.2764530466295643,39,3,1936.08,588.2293117851602,27.8,18.5,0.0,18.5,0,1,0,0,0,0,0,0,0,0,1,1,0,0,0,0
1530.0,29,1,0,9,2,0,10,0.2396510364417758,37,3,1936.08,588.2293117851602,27.1,18.6,0.0,19.0,0,1,0,0,0,0,0,0,0,0,1,1,0,0,0,0
1972.0,30,2,0,10,2,0,11,0.20774818714360085,36,3,1936.08,588.2293117851602,27.8,18.0,0.0,18.8,0,1,0,0,0,0,0,0,0,0,1,1,0,0,0,0
2491.0,31,3,0,11,2,0,12,0.1800923121479524,38,3,1936.08,588.2293117851602,28.5,18.0,0.0,16.2,0,1,0,0,0,0,0,0,0,0,1,1,0,0,0,0
2962.0,32,4,0,12,2,0,13,0.15611804531597107,36,3,1936.08,588.2293117851602,27.7,17.9,0.1,19.6,0,1,0,0,0,0,0,0,0,0,1,0,1,0,0,0
2699.0,33,5,1,13,2,0,14,0.1353352832366127,38,3,1936.08,588.2293117851602,20.8,16.0,6.7,23.9,0,1,0,0,0,0,0,0,0,0,1,0,0,0,0,1
3189.0,34,6,1,14,2,0,15,0.11731916609425078,36,3,1936.08,588.2293117851602,24.4,16.8,0.0,12.6,0,1,0,0,0,0,0,0,0,0,1,1,0,0,0,0
1862.0,1,0,0,15,3,0,16,0.10170139230422684,47,3,1936.08,588.2293117851602,27.7,18.6,0.0,11.4,0,1,0,0,0,0,0,0,0,0,1,1,0,0,0,0
1479.0,2,1,0,16,3,0,17,0.08816268936235745,46,3,1936.08,588.2293117851602,29.5,21.0,0.0,24.6,0,1,0,0,0,0,0,0,0,0,1,1,0,0,0,0
1269.0,3,2,0,17,3,0,18,0.07642628699076807,48,3,1936.08,588.2293117851602,26.4,21.2,0.0,22.2,0,1,0,0,0,0,0,0,0,0,1,1,0,0,0,0
1269.0,4,3,0,18,3,0,19,0.06625225915226167,47,3,1936.08,588.2293117851602,24.4,20.9,0.0,25.3,0,1,0,0,0,0,0,0,0,0,1,1,0,0,0,0
1479.0,5,4,0,19,3,0,20,0.05743261926761735,48,3,1936.08,588.2293117851602,24.5,19.7,0.0,25.0,0,1,0,0,0,0,0,0,0,0,1,1,0,0,0,0
1479.0,6,5,1,20,3,0,21,0.049787068367863944,49,3,1936.08,588.2293117851602,27.0,20.1,0.0,19.7,0,1,0,0,0,0,0,0,0,0,1,1,0,0,0,0
1479.0,7,6,1,21,3,0,22,0.0431593092614526,48,3,1936.08,588.2293117851602,29.7,18.6,0.0,15.6,0,1,0,0,0,0,0,0,0,0,1,1,0,0,0,0
1478.0,8,0,0,22,4,0,23,0.03741385136723659,48,3,1936.08,588.2293117851602,28.5,19.2,0.0,17.7,0,1,0,0,0,0,0,0,0,0,1,1,0,0,0,0
1269.0,9,1,0,23,4,0,24,0.032433240894795524,49,3,1936.08,588.2293117851602,29.6,19.3,0.0,17.0,0,1,0,0,0,0,0,0,0,0,1,1,0,0,0,0
1478.0,11,3,0,25,4,0,26,0.0243728440732796,46,3,1936.08,588.2293117851602,26.3,20.4,0.0,22.1,0,1,0,0,0,0,0,0,0,0,1,1,0,0,0,0
1640.0,12,4,0,26,4,0,27,0.02112827988118328,50,3,1936.08,588.2293117851602,25.1,19.7,0.0,18.4,0,1,0,0,0,0,0,0,0,0,1,1,0,0,0,0
2169.0,13,5,1,27,4,0,28,0.01831563888873418,51,3,1936.08,588.2293117851602,24.8,18.2,0.0,17.7,0,1,0,0,0,0,0,0,0,0,1,1,0,0,0,0
2170.0,14,6,1,28,4,0,29,0.015877422572448632,46,3,1936.08,588.2293117851602,27.6,18.0,0.0,28.0,0,1,0,0,0,0,0,0,0,0,1,1,0,0,0,0
2131.0,15,0,0,29,5,0,30,0.013763786733050402,51,3,1936.08,588.2293117851602,25.9,16.8,0.0,17.0,0,1,0,0,0,0,0,0,0,0,1,1,0,0,0,0
2007.0,16,1,0,30,5,0,31,0.011931522535756143,51,3,1936.08,588.2293117851602,25.9,16.9,0.0,17.3,0,1,0,0,0,0,0,0,0,0,1,1,0,0,0,0
2007.0,17,2,0,1,1,0,32,0.01034317319661825,51,3,1936.08,588.2293117851602,25.9,16.9,0.0,17.3,0,1,0,0,0,0,0,0,0,0,1,1,0,0,0,0
2007.0,18,3,0,2,1,0,33,0.008966268257436799,51,3,1936.08,588.2293117851602,25.9,16.9,0.0,17.3,0,1,0,0,0,0,0,0,0,0,1,1,0,0,0,0
2007.0,19,4,0,3,1,0,34,0.0077726597956035365,52,3,1936.08,588.2293117851602,25.9,16.9,0.0,17.3,0,1,0,0,0,0,0,0,0,0,1,1,0,0,0,0
2007.0,20,5,1,4,1,0,35,0.006737946999085467,52,3,1936.08,588.2293117851602,25.9,16.9,0.0,17.3,0,1,0,0,0,0,0,0,0,0,1,1,0,0,0,0
2170.0,21,6,1,5,1,0,36,0.005840977343195246,50,3,1936.08,588.2293117851602,25.9,16.9,0.0,17.3,0,1,0,0,0,0,0,0,0,0,1,1,0,0,0,0
2170.0,22,0,0,6,1,0,37,0.005063414171757493,50,3,1936.08,588.2293117851602,25.9,16.9,0.0,17.3,0,1,0,0,0,0,0,0,0,0,1,1,0,0,0,0
1855.0,23,1,0,7,1,0,38,0.0043893618427784395,51,3,1936.08,588.2293117851602,25.9,16.9,0.0,17.3,0,1,0,0,0,0,0,0,0,0,1,1,0,0,0,0
1855.0,24,2,0,8,2,0,39,0.003805040775511363,49,3,1936.08,588.2293117851602,25.9,16.9,0.0,17.3,0,1,0,0,0,0,0,0,0,0,1,1,0,0,0,0
1855.0,25,3,0,9,2,0,40,0.0032985057559390915,49,3,1936.08,588.2293117851602,25.9,16.9,0.0,17.3,0,1,0,0,0,0,0,0,0,0,1,1,0,0,0,0
2170.0,26,4,0,10,2,0,41,0.002859401742022366,52,3,1936.08,588.2293117851602,25.9,16.9,0.0,17.3,0,1,0,0,0,0,0,0,0,0,1,1,0,0,0,0
2007.0,27,5,1,11,2,0,42,0.0024787521766663585,52,3,1936.08,588.2293117851602,25.9,16.9,0.0,17.3,0,1,0,0,0,0,0,0,0,0,1,1,0,0,0,0
1855.0,28,6,1,12,2,0,43,0.002148775480909723,50,3,1936.08,588.2293117851602,25.9,16.9,0.0,17.3,0,1,0,0,0,0,0,0,0,0,1,1,0,0,0,0
2007.0,29,0,0,13,2,0,44,0.0018627259759257083,52,3,1936.08,588.2293117851602,25.9,16.9,0.0,17.3,0,1,0,0,0,0,0,0,0,0,1,1,0,0,0,0
2007.0,30,1,0,14,2,0,45,0.0016147559818205847,53,3,1936.08,588.2293117851602,25.9,16.9,0.0,17.3,0,1,0,0,0,0,0,0,0,0,1,1,0,0,0,0
2170.0,31,2,0,15,3,0,46,0.0013997962741296717,51,3,1936.08,588.2293117851602,25.9,16.9,0.0,17.3,0,1,0,0,0,0,0,0,0,0,1,1,0,0,0,0
1478.0,1,4,0,1,1,0,26,0.0243728440732796,42,3,2099.64,746.754557166308,11.4,8.6,15.2,21.6,0,0,1,0,0,0,0,0,0,0,1,0,0,0,0,1
1478.0,2,5,1,2,1,0,25,0.028115659748972035,46,3,2099.64,746.754557166308,12.8,7.0,0.4,22.3,0,0,1,0,0,0,0,0,0,0,1,0,1,0,0,0
2130.0,3,6,1,3,1,0,24,0.032433240894795524,37,3,2099.64,746.754557166308,11.6,7.7,6.9,31.8,0,0,1,0,0,0,0,0,0,0,1,0,0,0,0,1
2130.0,4,0,0,4,1,0,23,0.03741385136723659,42,3,2099.64,746.754557166308,14.6,10.1,1.0,24.6,0,0,1,0,0,0,0,0,0,0,1,0,1,0,0,0
1329.0,5,1,0,5,1,0,22,0.0431593092614526,42,3,2099.64,746.754557166308,15.6,10.2,0.1,14.5,0,0,1,0,0,0,0,0,0,0,1,0,1,0,0,0
1329.0,6,2,0,6,1,0,21,0.049787068367863944,39,3,2099.64,746.754557166308,19.5,6.9,0.0,9.9,0,0,1,0,0,0,0,0,0,0,1,1,0,0,0,0
1329.0,7,3,0,7,1,0,20,0.05743261926761735,41,3,2099.64,746.754557166308,23.8,8.1,0.0,11.5,0,0,1,0,0,0,0,0,0,0,1,1,0,0,0,0
1479.0,8,4,0,8,2,0,19,0.06625225915226167,44,3,2099.64,746.754557166308,25.9,12.9,0.3,14.4,0,0,1,0,0,0,0,0,0,0,1,0,1,0,0,0
1690.0,9,5,1,9,2,0,18,0.07642628699076807,42,3,2099.64,746.754557166308,24.9,15.7,2.9,13.4,0,0,1,0,0,0,0,0,0,0,1,0,0,0,0,1
2843.0,10,6,1,10,2,0,17,0.08816268936235745,43,3,2099.64,746.754557166308,24.8,15.2,0.2,12.7,0,0,1,0,0,0,0,0,0,0,1,0,1,0,0,0
1478.0,11,0,0,11,2,0,16,0.10170139230422684,43,3,2099.64,746.754557166308,26.8,16.0,0.0,11.9,0,0,1,0,0,0,0,0,0,0,1,1,0,0,0,0
1329.0,12,1,0,12,2,0,15,0.11731916609425078,43,3,2099.64,746.754557166308,28.4,17.6,0.2,24.0,0,0,1,0,0,0,0,0,0,0,1,0,1,0,0,0
1329.0,13,2,0,13,2,0,14,0.1353352832366127,41,3,2099.64,746.754557166308,23.8,15.9,0.4,16.8,0,0,1,0,0,0,0,0,0,0,1,0,1,0,0,0
1329.0,14,3,0,14,2,0,13,0.15611804531597107,39,3,2099.64,746.754557166308,18.5,11.9,0.5,21.0,0,0,1,0,0,0,0,0,0,0,1,0,1,0,0,0
1478.0,15,4,0,15,3,0,12,0.1800923121479524,44,3,2099.64,746.754557166308,21.1,9.6,0.0,11.2,0,0,1,0,0,0,0,0,0,0,1,1,0,0,0,0
1690.0,16,5,1,16,3,0,11,0.20774818714360085,47,3,2099.64,746.754557166308,26.0,13.8,2.4,22.7,0,0,1,0,0,0,0,0,0,0,1,0,0,0,0,1
3057.0,17,6,1,17,3,0,10,0.2396510364417758,44,3,2099.64,746.754557166308,21.4,14.4,8.3,23.6,0,0,1,0,0,0,0,0,0,0,1,0,0,0,0,1
1478.0,18,0,0,18,3,0,9,0.2764530466295643,43,3,2099.64,746.754557166308,20.3,12.7,0.7,12.8,0,0,1,0,0,0,0,0,0,0,1,0,1,0,0,0
1478.0,19,1,0,19,3,0,8,0.31890655732397044,44,3,2099.64,746.754557166308,24.9,13.8,0.0,16.0,0,0,1,0,0,0,0,0,0,0,1,1,0,0,0,0
2353.0,20,2,0,20,3,0,7,0.36787944117144233,43,3,2099.64,746.754557166308,20.1,15.2,3.2,20.6,0,0,1,0,0,0,0,0,1,0,0,0,1,0,0,0
1479.0,21,3,0,21,3,0,6,0.42437284567695,43,3,2099.64,746.754557166308,21.4,14.7,3.7,15.0,0,0,1,0,0,0,0,0,1,0,0,0,1,0,0,0
1955.0,22,4,0,22,4,0,5,0.4895416595569531,43,3,2099.64,746.754557166308,21.4,15.8,4.4,12.9,0,0,1,0,0,0,0,0,1,0,0,0,1,0,0,0
2130.0,23,5,1,23,4,0,4,0.5647181220077593,49,3,2099.64,746.754557166308,20.5,15.8,0.3,15.8,0,0,1,0,0,0,0,0,1,0,0,0,1,0,0,0
2849.0,24,6,1,24,4,0,3,0.6514390575310556,44,3,2099.64,746.754557166308,21.8,15.2,4.1,18.9,0,0,1,0,0,0,0,0,1,0,0,0,1,0,0,0
3188.0,25,0,0,25,4,0,2,0.751477293075286,40,3,2099.64,746.754557166308,25.1,14.6,0.0,14.8,0,0,1,0,0,0,0,0,1,0,0,1,0,0,0,0
1955.0,26,1,0,26,4,0,1,0.8668778997501816,50,3,2099.64,746.754557166308,27.2,15.1,0.3,16.5,0,0,1,0,0,0,0,0,1,0,0,0,1,0,0,0
2130.0,27,2,0,27,4,1,0,1.0,44,3,2099.64,746.754557166308,29.1,15.9,0.0,15.7,0,0,1,0,0,0,0,1,0,0,0,1,0,0,0,0
2846.0,28,3,0,28,4,1,0,1.0,39,3,2099.64,746.754557166308,29.8,17.4,1.3,18.9,0,0,1,0,0,0,0,1,0,0,0,0,1,0,0,0
2846.0,29,4,0,29,5,1,0,1.0,40,3,2099.64,746.754557166308,21.5,16.5,0.1,24.2,0,0,1,0,0,0,0,1,0,0,0,0,1,0,0,0
4354.0,30,5,1,30,5,1,0,1.0,22,3,2099.64,746.754557166308,23.4,13.4,0.0,16.7,0,0,1,0,0,0,0,1,0,0,0,1,0,0,0,0
4754.0,31,6,1,31,5,0,1,0.8668778997501816,36,3,2099.64,746.754557166308,27.1,16.9,0.1,13.8,0,0,1,0,0,0,0,0,0,1,0,0,1,0,0,0
3627.0,21,0,0,1,1,0,2,0.751477293075286,46,3,2099.64,746.754557166308,28.2,18.5,0.3,12.5,0,0,1,0,0,0,0,0,0,1,0,0,1,0,0,0
2128.0,22,1,0,2,1,0,3,0.6514390575310556,46,3,2099.64,746.754557166308,32.0,19.9,0.0,12.8,0,0,1,0,0,0,0,0,0,1,0,1,0,0,0,0
1957.0,23,2,0,3,1,0,4,0.5647181220077593,41,3,2099.64,746.754557166308,31.5,20.2,0.0,13.2,0,0,1,0,0,0,0,0,0,1,0,1,0,0,0,0
1692.0,24,3,0,4,1,0,5,0.4895416595569531,41,3,2099.64,746.754557166308,32.2,20.9,0.0,11.7,0,0,1,0,0,0,0,0,0,1,0,1,0,0,0,0
2539.0,25,4,0,5,1,0,6,0.42437284567695,39,3,2099.64,746.754557166308,30.5,19.5,0.7,17.3,0,0,1,0,0,0,0,0,0,1,0,0,1,0,0,0
3189.0,26,5,1,6,1,0,7,0.36787944117144233,41,3,2099.64,746.754557166308,28.3,17.5,0.0,16.0,0,0,1,0,0,0,0,0,0,1,0,1,0,0,0,0
3240.0,27,6,1,7,1,0,8,0.31890655732397044,42,3,2099.64,746.754557166308,29.7,18.7,0.0,17.3,0,0,1,0,0,0,0,0,0,0,1,1,0,0,0,0
1519.0,28,0,0,8,2,0,9,0.2764530466295643,39,3,2099.64,746.754557166308,27.8,18.5,0.0,18.5,0,0,1,0,0,0,0,0,0,0,1,1,0,0,0,0
1526.0,29,1,0,9,2,0,10,0.2396510364417758,42,3,2099.64,746.754557166308,27.1,18.6,0.0,19.0,0,0,1,0,0,0,0,0,0,0,1,1,0,0,0,0
2009.0,30,2,0,10,2,0,11,0.20774818714360085,41,3,2099.64,746.754557166308,27.8,18.0,0.0,18.8,0,0,1,0,0,0,0,0,0,0,1,1,0,0,0,0
2539.0,31,3,0,11,2,0,12,0.1800923121479524,41,3,2099.64,746.754557166308,28.5,18.0,0.0,16.2,0,0,1,0,0,0,0,0,0,0,1,1,0,0,0,0
2539.0,32,4,0,12,2,0,13,0.15611804531597107,40,3,2099.64,746.754557166308,27.7,17.9,0.1,19.6,0,0,1,0,0,0,0,0,0,0,1,0,1,0,0,0
2851.0,33,5,1,13,2,0,14,0.1353352832366127,41,3,2099.64,746.754557166308,20.8,16.0,6.7,23.9,0,0,1,0,0,0,0,0,0,0,1,0,0,0,0,1
3630.0,34,6,1,14,2,0,15,0.11731916609425078,43,3,2099.64,746.754557166308,24.4,16.8,0.0,12.6,0,0,1,0,0,0,0,0,0,0,1,1,0,0,0,0
2223.0,1,0,0,15,3,0,16,0.10170139230422684,50,3,2099.64,746.754557166308,27.7,18.6,0.0,11.4,0,0,1,0,0,0,0,0,0,0,1,1,0,0,0,0
1479.0,2,1,0,16,3,0,17,0.08816268936235745,52,3,2099.64,746.754557166308,29.5,21.0,0.0,24.6,0,0,1,0,0,0,0,0,0,0,1,1,0,0,0,0
1331.0,3,2,0,17,3,0,18,0.07642628699076807,54,3,2099.64,746.754557166308,26.4,21.2,0.0,22.2,0,0,1,0,0,0,0,0,0,0,1,1,0,0,0,0
1478.0,4,3,0,18,3,0,19,0.06625225915226167,46,3,2099.64,746.754557166308,24.4,20.9,0.0,25.3,0,0,1,0,0,0,0,0,0,0,1,1,0,0,0,0
1331.0,5,4,0,19,3,0,20,0.05743261926761735,47,3,2099.64,746.754557166308,24.5,19.7,0.0,25.0,0,0,1,0,0,0,0,0,0,0,1,1,0,0,0,0
1481.0,6,5,1,20,3,0,21,0.049787068367863944,53,3,2099.64,746.754557166308,27.0,20.1,0.0,19.7,0,0,1,0,0,0,0,0,0,0,1,1,0,0,0,0
1481.0,7,6,1,21,3,0,22,0.0431593092614526,54,3,2099.64,746.754557166308,29.7,18.6,0.0,15.6,0,0,1,0,0,0,0,0,0,0,1,1,0,0,0,0
1692.0,8,0,0,22,4,0,23,0.03741385136723659,49,3,2099.64,746.754557166308,28.5,19.2,0.0,17.7,0,0,1,0,0,0,0,0,0,0,1,1,0,0,0,0
1331.0,9,1,0,23,4,0,24,0.032433240894795524,55,3,2099.64,746.754557166308,29.6,19.3,0.0,17.0,0,0,1,0,0,0,0,0,0,0,1,1,0,0,0,0
1479.0,11,3,0,25,4,0,26,0.0243728440732796,48,3,2099.64,746.754557166308,26.3,20.4,0.0,22.1,0,0,1,0,0,0,0,0,0,0,1,1,0,0,0,0
1692.0,12,4,0,26,4,0,27,0.02112827988118328,52,3,2099.64,746.754557166308,25.1,19.7,0.0,18.4,0,0,1,0,0,0,0,0,0,0,1,1,0,0,0,0
2170.0,13,5,1,27,4,0,28,0.01831563888873418,55,3,2099.64,746.754557166308,24.8,18.2,0.0,17.7,0,0,1,0,0,0,0,0,0,0,1,1,0,0,0,0
1957.0,14,6,1,28,4,0,29,0.015877422572448632,54,3,2099.64,746.754557166308,27.6,18.0,0.0,28.0,0,0,1,0,0,0,0,0,0,0,1,1,0,0,0,0
1481.0,15,0,0,29,5,0,30,0.013763786733050402,51,3,2099.64,746.754557166308,25.9,16.8,0.0,17.0,0,0,1,0,0,0,0,0,0,0,1,1,0,0,0,0
1692.0,16,1,0,30,5,0,31,0.011931522535756143,58,3,2099.64,746.754557166308,25.9,16.9,0.0,17.3,0,0,1,0,0,0,0,0,0,0,1,1,0,0,0,0
1957.0,17,2,0,1,1,0,32,0.01034317319661825,54,3,2099.64,746.754557166308,25.9,16.9,0.0,17.3,0,0,1,0,0,0,0,0,0,0,1,1,0,0,0,0
1481.0,18,3,0,2,1,0,33,0.008966268257436799,56,3,2099.64,746.754557166308,25.9,16.9,0.0,17.3,0,0,1,0,0,0,0,0,0,0,1,1,0,0,0,0
1957.0,19,4,0,3,1,0,34,0.0077726597956035365,51,3,2099.64,746.754557166308,25.9,16.9,0.0,17.3,0,0,1,0,0,0,0,0,0,0,1,1,0,0,0,0
1957.0,20,5,1,4,1,0,35,0.006737946999085467,56,3,2099.64,746.754557166308,25.9,16.9,0.0,17.3,0,0,1,0,0,0,0,0,0,0,1,1,0,0,0,0
2385.0,21,6,1,5,1,0,36,0.005840977343195246,56,3,2099.64,746.754557166308,25.9,16.9,0.0,17.3,0,0,1,0,0,0,0,0,0,0,1,1,0,0,0,0
1957.0,22,0,0,6,1,0,37,0.005063414171757493,50,3,2099.64,746.754557166308,25.9,16.9,0.0,17.3,0,0,1,0,0,0,0,0,0,0,1,1,0,0,0,0
1957.0,23,1,0,7,1,0,38,0.0043893618427784395,53,3,2099.64,746.754557166308,25.9,16.9,0.0,17.3,0,0,1,0,0,0,0,0,0,0,1,1,0,0,0,0
1957.0,24,2,0,8,2,0,39,0.003805040775511363,51,3,2099.64,746.754557166308,25.9,16.9,0.0,17.3,0,0,1,0,0,0,0,0,0,0,1,1,0,0,0,0
1957.0,25,3,0,9,2,0,40,0.0032985057559390915,53,3,2099.64,746.754557166308,25.9,16.9,0.0,17.3,0,0,1,0,0,0,0,0,0,0,1,1,0,0,0,0
1957.0,26,4,0,10,2,0,41,0.002859401742022366,50,3,2099.64,746.754557166308,25.9,16.9,0.0,17.3,0,0,1,0,0,0,0,0,0,0,1,1,0,0,0,0
2170.0,27,5,1,11,2,0,42,0.0024787521766663585,56,3,2099.64,746.754557166308,25.9,16.9,0.0,17.3,0,0,1,0,0,0,0,0,0,0,1,1,0,0,0,0
2411.0,28,6,1,12,2,0,43,0.002148775480909723,56,3,2099.64,746.754557166308,25.9,16.9,0.0,17.3,0,0,1,0,0,0,0,0,0,0,1,1,0,0,0,0
3015.0,29,0,0,13,2,0,44,0.0018627259759257083,52,3,2099.64,746.754557166308,25.9,16.9,0.0,17.3,0,0,1,0,0,0,0,0,0,0,1,1,0,0,0,0
3186.0,30,1,0,14,2,0,45,0.0016147559818205847,55,3,2099.64,746.754557166308,25.9,16.9,0.0,17.3,0,0,1,0,0,0,0,0,0,0,1,1,0,0,0,0
3186.0,31,2,0,15,3,0,46,0.0013997962741296717,53,3,2099.64,746.754557166308,25.9,16.9,0.0,17.3,0,0,1,0,0,0,0,0,0,0,1,1,0,0,0,0
1478.0,1,4,0,1,1,0,26,0.0243728440732796,12,2,1588.5394736842106,317.38226964926594,11.4,8.6,15.2,21.6,0,0,0,1,0,0,0,0,0,0,1,0,0,0,0,1
1267.0,2,5,1,2,1,0,25,0.028115659748972035,14,2,1588.5394736842106,317.38226964926594,12.8,7.0,0.4,22.3,0,0,0,1,0,0,0,0,0,0,1,0,1,0,0,0
1478.0,3,6,1,3,1,0,24,0.032433240894795524,15,2,1588.5394736842106,317.38226964926594,11.6,7.7,6.9,31.8,0,0,0,1,0,0,0,0,0,0,1,0,0,0,0,1
1478.0,4,0,0,4,1,0,23,0.03741385136723659,13,2,1588.5394736842106,317.38226964926594,14.6,10.1,1.0,24.6,0,0,0,1,0,0,0,0,0,0,1,0,1,0,0,0
1049.0,5,1,0,5,1,0,22,0.0431593092614526,16,2,1588.5394736842106,317.38226964926594,15.6,10.2,0.1,14.5,0,0,0,1,0,0,0,0,0,0,1,0,1,0,0,0
1049.0,6,2,0,6,1,0,21,0.049787068367863944,15,2,1588.5394736842106,317.38226964926594,19.5,6.9,0.0,9.9,0,0,0,1,0,0,0,0,0,0,1,1,0,0,0,0
1478.0,7,3,0,7,1,0,20,0.05743261926761735,13,2,1588.5394736842106,317.38226964926594,23.8,8.1,0.0,11.5,0,0,0,1,0,0,0,0,0,0,1,1,0,0,0,0
1267.0,8,4,0,8,2,0,19,0.06625225915226167,18,2,1588.5394736842106,317.38226964926594,25.9,12.9,0.3,14.4,0,0,0,1,0,0,0,0,0,0,1,0,1,0,0,0
1267.0,9,5,1,9,2,0,18,0.07642628699076807,14,2,1588.5394736842106,317.38226964926594,24.9,15.7,2.9,13.4,0,0,0,1,0,0,0,0,0,0,1,0,0,0,0,1
1267.0,10,6,1,10,2,0,17,0.08816268936235745,17,2,1588.5394736842106,317.38226964926594,24.8,15.2,0.2,12.7,0,0,0,1,0,0,0,0,0,0,1,0,1,0,0,0
1478.0,11,0,0,11,2,0,16,0.10170139230422684,14,2,1588.5394736842106,317.38226964926594,26.8,16.0,0.0,11.9,0,0,0,1,0,0,0,0,0,0,1,1,0,0,0,0
1478.0,12,1,0,12,2,0,15,0.11731916609425078,16,2,1588.5394736842106,317.38226964926594,28.4,17.6,0.2,24.0,0,0,0,1,0,0,0,0,0,0,1,0,1,0,0,0
1478.0,13,2,0,13,2,0,14,0.1353352832366127,15,2,1588.5394736842106,317.38226964926594,23.8,15.9,0.4,16.8,0,0,0,1,0,0,0,0,0,0,1,0,1,0,0,0
1478.0,14,3,0,14,2,0,13,0.15611804531597107,15,2,1588.5394736842106,317.38226964926594,18.5,11.9,0.5,21.0,0,0,0,1,0,0,0,0,0,0,1,0,1,0,0,0
1478.0,15,4,0,15,3,0,12,0.1800923121479524,17,2,1588.5394736842106,317.38226964926594,21.1,9.6,0.0,11.2,0,0,0,1,0,0,0,0,0,0,1,1,0,0,0,0
1478.0,16,5,1,16,3,0,11,0.20774818714360085,15,2,1588.5394736842106,317.38226964926594,26.0,13.8,2.4,22.7,0,0,0,1,0,0,0,0,0,0,1,0,0,0,0,1
1478.0,17,6,1,17,3,0,10,0.2396510364417758,16,2,1588.5394736842106,317.38226964926594,21.4,14.4,8.3,23.6,0,0,0,1,0,0,0,0,0,0,1,0,0,0,0,1
1478.0,18,0,0,18,3,0,9,0.2764530466295643,13,2,1588.5394736842106,317.38226964926594,20.3,12.7,0.7,12.8,0,0,0,1,0,0,0,0,0,0,1,0,1,0,0,0
1478.0,19,1,0,19,3,0,8,0.31890655732397044,16,2,1588.5394736842106,317.38226964926594,24.9,13.8,0.0,16.0,0,0,0,1,0,0,0,0,0,0,1,1,0,0,0,0
1478.0,20,2,0,20,3,0,7,0.36787944117144233,16,2,1588.5394736842106,317.38226964926594,20.1,15.2,3.2,20.6,0,0,0,1,0,0,0,0,1,0,0,0,1,0,0,0
1478.0,21,3,0,21,3,0,6,0.42437284567695,15,2,1588.5394736842106,317.38226964926594,21.4,14.7,3.7,15.0,0,0,0,1,0,0,0,0,1,0,0,0,1,0,0,0
1513.0,22,4,0,22,4,0,5,0.4895416595569531,18,2,1588.5394736842106,317.38226964926594,21.4,15.8,4.4,12.9,0,0,0,1,0,0,0,0,1,0,0,0,1,0,0,0
1479.0,23,5,1,23,4,0,4,0.5647181220077593,15,2,1588.5394736842106,317.38226964926594,20.5,15.8,0.3,15.8,0,0,0,1,0,0,0,0,1,0,0,0,1,0,0,0
1478.0,24,6,1,24,4,0,3,0.6514390575310556,17,2,1588.5394736842106,317.38226964926594,21.8,15.2,4.1,18.9,0,0,0,1,0,0,0,0,1,0,0,0,1,0,0,0
1506.0,25,0,0,25,4,0,2,0.751477293075286,14,2,1588.5394736842106,317.38226964926594,25.1,14.6,0.0,14.8,0,0,0,1,0,0,0,0,1,0,0,1,0,0,0,0
1478.0,26,1,0,26,4,0,1,0.8668778997501816,17,2,1588.5394736842106,317.38226964926594,27.2,15.1,0.3,16.5,0,0,0,1,0,0,0,0,1,0,0,0,1,0,0,0
1479.0,27,2,0,27,4,1,0,1.0,17,2,1588.5394736842106,317.38226964926594,29.1,15.9,0.0,15.7,0,0,0,1,0,0,0,1,0,0,0,1,0,0,0,0
1478.0,28,3,0,28,4,1,0,1.0,16,2,1588.5394736842106,317.38226964926594,29.8,17.4,1.3,18.9,0,0,0,1,0,0,0,1,0,0,0,0,1,0,0,0
1478.0,29,4,0,29,5,1,0,1.0,19,2,1588.5394736842106,317.38226964926594,21.5,16.5,0.1,24.2,0,0,0,1,0,0,0,1,0,0,0,0,1,0,0,0
1479.0,30,5,1,30,5,1,0,1.0,17,2,1588.5394736842106,317.38226964926594,23.4,13.4,0.0,16.7,0,0,0,1,0,0,0,1,0,0,0,1,0,0,0,0
2005.0,31,6,1,31,5,0,1,0.8668778997501816,18,2,1588.5394736842106,317.38226964926594,27.1,16.9,0.1,13.8,0,0,0,1,0,0,0,0,0,1,0,0,1,0,0,0
1621.0,21,0,0,1,1,0,2,0.751477293075286,11,2,1588.5394736842106,317.38226964926594,28.2,18.5,0.3,12.5,0,0,0,1,0,0,0,0,0,1,0,0,1,0,0,0
1481.0,22,1,0,2,1,0,3,0.6514390575310556,14,2,1588.5394736842106,317.38226964926594,32.0,19.9,0.0,12.8,0,0,0,1,0,0,0,0,0,1,0,1,0,0,0,0
1530.0,23,2,0,3,1,0,4,0.5647181220077593,15,2,1588.5394736842106,317.38226964926594,31.5,20.2,0.0,13.2,0,0,0,1,0,0,0,0,0,1,0,1,0,0,0,0
1481.0,24,3,0,4,1,0,5,0.4895416595569531,13,2,1588.5394736842106,317.38226964926594,32.2,20.9,0.0,11.7,0,0,0,1,0,0,0,0,0,1,0,1,0,0,0,0
1530.0,25,4,0,5,1,0,6,0.42437284567695,17,2,1588.5394736842106,317.38226964926594,30.5,19.5,0.7,17.3,0,0,0,1,0,0,0,0,0,1,0,0,1,0,0,0
1481.0,26,5,1,6,1,0,7,0.36787944117144233,13,2,1588.5394736842106,317.38226964926594,28.3,17.5,0.0,16.0,0,0,0,1,0,0,0,0,0,1,0,1,0,0,0,0
1530.0,27,6,1,7,1,0,8,0.31890655732397044,15,2,1588.5394736842106,317.38226964926594,29.7,18.7,0.0,17.3,0,0,0,1,0,0,0,0,0,0,1,1,0,0,0,0
1530.0,28,0,0,8,2,0,9,0.2764530466295643,11,2,1588.5394736842106,317.38226964926594,27.8,18.5,0.0,18.5,0,0,0,1,0,0,0,0,0,0,1,1,0,0,0,0
1530.0,29,1,0,9,2,0,10,0.2396510364417758,14,2,1588.5394736842106,317.38226964926594,27.1,18.6,0.0,19.0,0,0,0,1,0,0,0,0,0,0,1,1,0,0,0,0
1530.0,30,2,0,10,2,0,11,0.20774818714360085,15,2,1588.5394736842106,317.38226964926594,27.8,18.0,0.0,18.8,0,0,0,1,0,0,0,0,0,0,1,1,0,0,0,0
2128.0,31,3,0,11,2,0,12,0.1800923121479524,13,2,1588.5394736842106,317.38226964926594,28.5,18.0,0.0,16.2,0,0,0,1,0,0,0,0,0,0,1,1,0,0,0,0
2128.0,32,4,0,12,2,0,13,0.15611804531597107,17,2,1588.5394736842106,317.38226964926594,27.7,17.9,0.1,19.6,0,0,0,1,0,0,0,0,0,0,1,0,1,0,0,0
2273.0,33,5,1,13,2,0,14,0.1353352832366127,13,2,1588.5394736842106,317.38226964926594,20.8,16.0,6.7,23.9,0,0,0,1,0,0,0,0,0,0,1,0,0,0,0,1
2273.0,34,6,1,14,2,0,15,0.11731916609425078,15,2,1588.5394736842106,317.38226964926594,24.4,16.8,0.0,12.6,0,0,0,1,0,0,0,0,0,0,1,1,0,0,0,0
1478.0,1,0,0,15,3,0,16,0.10170139230422684,10,2,1588.5394736842106,317.38226964926594,27.7,18.6,0.0,11.4,0,0,0,1,0,0,0,0,0,0,1,1,0,0,0,0
1060.0,2,1,0,16,3,0,17,0.08816268936235745,13,2,1588.5394736842106,317.38226964926594,29.5,21.0,0.0,24.6,0,0,0,1,0,0,0,0,0,0,1,1,0,0,0,0
1269.0,3,2,0,17,3,0,18,0.07642628699076807,12,2,1588.5394736842106,317.38226964926594,26.4,21.2,0.0,22.2,0,0,0,1,0,0,0,0,0,0,1,1,0,0,0,0
1269.0,4,3,0,18,3,0,19,0.06625225915226167,14,2,1588.5394736842106,317.38226964926594,24.4,20.9,0.0,25.3,0,0,0,1,0,0,0,0,0,0,1,1,0,0,0,0
1269.0,5,4,0,19,3,0,20,0.05743261926761735,17,2,1588.5394736842106,317.38226964926594,24.5,19.7,0.0,25.0,0,0,0,1,0,0,0,0,0,0,1,1,0,0,0,0
1269.0,6,5,1,20,3,0,21,0.049787068367863944,13,2,1588.5394736842106,317.38226964926594,27.0,20.1,0.0,19.7,0,0,0,1,0,0,0,0,0,0,1,1,0,0,0,0
1269.0,7,6,1,21,3,0,22,0.0431593092614526,15,2,1588.5394736842106,317.38226964926594,29.7,18.6,0.0,15.6,0,0,0,1,0,0,0,0,0,0,1,1,0,0,0,0
1479.0,8,0,0,22,4,0,23,0.03741385136723659,12,2,1588.5394736842106,317.38226964926594,28.5,19.2,0.0,17.7,0,0,0,1,0,0,0,0,0,0,1,1,0,0,0,0
1269.0,9,1,0,23,4,0,24,0.032433240894795524,13,2,1588.5394736842106,317.38226964926594,29.6,19.3,0.0,17.0,0,0,0,1,0,0,0,0,0,0,1,1,0,0,0,0
1479.0,10,2,0,24,4,0,25,0.028115659748972035,14,2,1588.5394736842106,317.38226964926594,29.0,20.1,0.0,16.7,0,0,0,1,0,0,0,0,0,0,1,1,0,0,0,0
1269.0,11,3,0,25,4,0,26,0.0243728440732796,13,2,1588.5394736842106,317.38226964926594,26.3,20.4,0.0,22.1,0,0,0,1,0,0,0,0,0,0,1,1,0,0,0,0
1481.0,12,4,0,26,4,0,27,0.02112827988118328,17,2,1588.5394736842106,317.38226964926594,25.1,19.7,0.0,18.4,0,0,0,1,0,0,0,0,0,0,1,1,0,0,0,0
1481.0,13,5,1,27,4,0,28,0.01831563888873418,13,2,1588.5394736842106,317.38226964926594,24.8,18.2,0.0,17.7,0,0,0,1,0,0,0,0,0,0,1,1,0,0,0,0
1742.0,14,6,1,28,4,0,29,0.015877422572448632,18,2,1588.5394736842106,317.38226964926594,27.6,18.0,0.0,28.0,0,0,0,1,0,0,0,0,0,0,1,1,0,0,0,0
1742.0,15,0,0,29,5,0,30,0.013763786733050402,12,2,1588.5394736842106,317.38226964926594,25.9,16.8,0.0,17.0,0,0,0,1,0,0,0,0,0,0,1,1,0,0,0,0
1742.0,16,1,0,30,5,0,31,0.011931522535756143,13,2,1588.5394736842106,317.38226964926594,25.9,16.5,0.0,17.0,0,0,0,1,0,0,0,0,0,0,1,1,0,0,0,0
1481.0,17,2,0,1,1,0,32,0.01034317319661825,15,2,1588.5394736842106,317.38226964926594,25.9,16.5,0.0,17.0,0,0,0,1,0,0,0,0,0,0,1,1,0,0,0,0
1481.0,18,3,0,2,1,0,33,0.008966268257436799,14,2,1588.5394736842106,317.38226964926594,25.9,16.5,0.0,17.0,0,0,0,1,0,0,0,0,0,0,1,1,0,0,0,0
1481.0,19,4,0,3,1,0,34,0.0077726597956035365,19,2,1588.5394736842106,317.38226964926594,25.9,16.5,0.0,17.0,0,0,0,1,0,0,0,0,0,0,1,1,0,0,0,0
2007.0,20,5,1,4,1,0,35,0.006737946999085467,14,2,1588.5394736842106,317.38226964926594,25.9,16.5,0.0,17.0,0,0,0,1,0,0,0,0,0,0,1,1,0,0,0,0
2007.0,21,6,1,5,1,0,36,0.005840977343195246,17,2,1588.5394736842106,317.38226964926594,25.9,16.5,0.0,17.0,0,0,0,1,0,0,0,0,0,0,1,1,0,0,0,0
2170.0,22,0,0,6,1,0,37,0.005063414171757493,13,2,1588.5394736842106,317.38226964926594,25.9,16.5,0.0,17.0,0,0,0,1,0,0,0,0,0,0,1,1,0,0,0,0
2170.0,23,1,0,7,1,0,38,0.0043893618427784395,13,2,1588.5394736842106,317.38226964926594,25.9,16.5,0.0,17.0,0,0,0,1,0,0,0,0,0,0,1,1,0,0,0,0
2170.0,24,2,0,8,2,0,39,0.003805040775511363,15,2,1588.5394736842106,317.38226964926594,25.9,16.5,0.0,17.0,0,0,0,1,0,0,0,0,0,0,1,1,0,0,0,0
1481.0,25,3,0,9,2,0,40,0.0032985057559390915,14,2,1588.5394736842106,317.38226964926594,25.9,16.5,0.0,17.0,0,0,0,1,0,0,0,0,0,0,1,1,0,0,0,0
2007.0,26,4,0,10,2,0,41,0.002859401742022366,19,2,1588.5394736842106,317.38226964926594,25.9,16.5,0.0,17.0,0,0,0,1,0,0,0,0,0,0,1,1,0,0,0,0
2170.0,27,5,1,11,2,0,42,0.0024787521766663585,14,2,1588.5394736842106,317.38226964926594,25.9,16.5,0.0,17.0,0,0,0,1,0,0,0,0,0,0,1,1,0,0,0,0
2170.0,28,6,1,12,2,0,43,0.002148775480909723,18,2,1588.5394736842106,317.38226964926594,25.9,16.5,0.0,17.0,0,0,0,1,0,0,0,0,0,0,1,1,0,0,0,0
2170.0,29,0,0,13,2,0,44,0.0018627259759257083,14,2,1588.5394736842106,317.38226964926594,25.9,16.5,0.0,17.0,0,0,0,1,0,0,0,0,0,0,1,1,0,0,0,0
2273.0,30,1,0,14,2,0,45,0.0016147559818205847,13,2,1588.5394736842106,317.38226964926594,25.9,16.5,0.0,17.0,0,0,0,1,0,0,0,0,0,0,1,1,0,0,0,0
2169.0,31,2,0,15,3,0,46,0.0013997962741296717,15,2,1588.5394736842106,317.38226964926594,25.9,16.5,0.0,17.0,0,0,0,1,0,0,0,0,0,0,1,1,0,0,0,0
1267.0,1,4,0,1,1,0,26,0.0243728440732796,34,3,1809.5733333333333,527.2023605874781,18.0,11.5,2.2,19.2,0,0,0,0,1,0,0,0,0,0,1,0,1,0,0,0
1049.0,2,5,1,2,1,0,25,0.028115659748972035,39,3,1809.5733333333333,527.2023605874781,15.1,10.2,0.0,20.1,0,0,0,0,1,0,0,0,0,0,1,1,0,0,0,0
1267.0,3,6,1,3,1,0,24,0.032433240894795524,38,3,1809.5733333333333,527.2023605874781,11.7,9.4,12.0,21.5,0,0,0,0,1,0,0,0,0,0,1,0,0,0,0,1
1639.0,4,0,0,4,1,0,23,0.03741385136723659,38,3,1809.5733333333333,527.2023605874781,17.0,8.9,0.0,20.5,0,0,0,0,1,0,0,0,0,0,1,1,0,0,0,0
1049.0,5,1,0,5,1,0,22,0.0431593092614526,39,3,1809.5733333333333,527.2023605874781,21.7,9.3,0.0,14.8,0,0,0,0,1,0,0,0,0,0,1,1,0,0,0,0
1478.0,6,2,0,6,1,0,21,0.049787068367863944,35,3,1809.5733333333333,527.2023605874781,23.9,9.4,0.0,12.2,0,0,0,0,1,0,0,0,0,0,1,1,0,0,0,0
1478.0,7,3,0,7,1,0,20,0.05743261926761735,38,3,1809.5733333333333,527.2023605874781,26.9,12.9,0.0,13.7,0,0,0,0,1,0,0,0,0,0,1,1,0,0,0,0
1478.0,8,4,0,8,2,0,19,0.06625225915226167,40,3,1809.5733333333333,527.2023605874781,26.0,16.0,0.0,11.2,0,0,0,0,1,0,0,0,0,0,1,1,0,0,0,0
1049.0,9,5,1,9,2,0,18,0.07642628699076807,38,3,1809.5733333333333,527.2023605874781,28.0,16.3,0.5,13.6,0,0,0,0,1,0,0,0,0,0,1,0,1,0,0,0
1049.0,10,6,1,10,2,0,17,0.08816268936235745,41,3,1809.5733333333333,527.2023605874781,26.6,17.4,0.0,12.3,0,0,0,0,1,0,0,0,0,0,1,1,0,0,0,0
1267.0,11,0,0,11,2,0,16,0.10170139230422684,40,3,1809.5733333333333,527.2023605874781,30.2,16.8,0.0,6.5,0,0,0,0,1,0,0,0,0,0,1,1,0,0,0,0
1049.0,12,1,0,12,2,0,15,0.11731916609425078,33,3,1809.5733333333333,527.2023605874781,29.2,18.0,0.0,14.7,0,0,0,0,1,0,0,0,0,0,1,1,0,0,0,0
1478.0,13,2,0,13,2,0,14,0.1353352832366127,36,3,1809.5733333333333,527.2023605874781,29.2,17.7,0.0,14.6,0,0,0,0,1,0,0,0,0,0,1,1,0,0,0,0
1478.0,14,3,0,14,2,0,13,0.15611804531597107,34,3,1809.5733333333333,527.2023605874781,22.7,16.4,5.4,12.5,0,0,0,0,1,0,0,0,0,0,1,0,0,0,0,1
1507.0,15,4,0,15,3,0,12,0.1800923121479524,40,3,1809.5733333333333,527.2023605874781,24.0,15.5,0.0,13.0,0,0,0,0,1,0,0,0,0,0,1,1,0,0,0,0
1478.0,16,5,1,16,3,0,11,0.20774818714360085,41,3,1809.5733333333333,527.2023605874781,28.5,15.4,9.9,18.5,0,0,0,0,1,0,0,0,0,0,1,0,0,0,0,1
1267.0,17,6,1,17,3,0,10,0.2396510364417758,41,3,1809.5733333333333,527.2023605874781,24.2,16.4,1.5,14.5,0,0,0,0,1,0,0,0,0,0,1,0,1,0,0,0
1267.0,18,0,0,18,3,0,9,0.2764530466295643,38,3,1809.5733333333333,527.2023605874781,24.4,15.1,0.0,13.5,0,0,0,0,1,0,0,0,0,0,1,1,0,0,0,0
1267.0,19,1,0,19,3,0,8,0.31890655732397044,41,3,1809.5733333333333,527.2023605874781,25.7,15.1,0.0,15.7,0,0,0,0,1,0,0,0,0,0,1,1,0,0,0,0
1478.0,20,2,0,20,3,0,7,0.36787944117144233,41,3,1809.5733333333333,527.2023605874781,24.3,16.3,1.2,20.6,0,0,0,0,1,0,0,0,1,0,0,0,1,0,0,0
1478.0,21,3,0,21,3,0,6,0.42437284567695,40,3,1809.5733333333333,527.2023605874781,25.6,15.7,0.9,14.8,0,0,0,0,1,0,0,0,1,0,0,0,1,0,0,0
2005.0,22,4,0,22,4,0,5,0.4895416595569531,42,3,1809.5733333333333,527.2023605874781,25.7,16.4,1.3,14.0,0,0,0,0,1,0,0,0,1,0,0,0,1,0,0,0
2798.0,23,5,1,23,4,0,4,0.5647181220077593,43,3,1809.5733333333333,527.2023605874781,24.6,17.1,9.5,13.5,0,0,0,0,1,0,0,0,1,0,0,0,0,0,0,1
2587.0,24,6,1,24,4,0,3,0.6514390575310556,43,3,1809.5733333333333,527.2023605874781,25.3,16.5,1.4,18.4,0,0,0,0,1,0,0,0,1,0,0,0,1,0,0,0
1740.0,25,0,0,25,4,0,2,0.751477293075286,43,3,1809.5733333333333,527.2023605874781,27.4,16.6,0.3,16.3,0,0,0,0,1,0,0,0,1,0,0,0,1,0,0,0
2005.0,26,1,0,26,4,0,1,0.8668778997501816,41,3,1809.5733333333333,527.2023605874781,30.2,16.9,0.0,14.8,0,0,0,0,1,0,0,0,1,0,0,1,0,0,0,0
2496.0,27,2,0,27,4,1,0,1.0,41,3,1809.5733333333333,527.2023605874781,31.0,19.2,0.1,13.0,0,0,0,0,1,0,0,1,0,0,0,0,1,0,0,0
2587.0,28,3,0,28,4,1,0,1.0,40,3,1809.5733333333333,527.2023605874781,29.1,19.3,0.4,13.6,0,0,0,0,1,0,0,1,0,0,0,0,1,0,0,0
2686.0,29,4,0,29,5,1,0,1.0,41,3,1809.5733333333333,527.2023605874781,27.8,18.0,0.1,17.9,0,0,0,0,1,0,0,1,0,0,0,0,1,0,0,0
2520.0,30,5,1,30,5,1,0,1.0,42,3,1809.5733333333333,527.2023605874781,27.6,14.7,0.0,15.8,0,0,0,0,1,0,0,1,0,0,0,1,0,0,0,0
3597.0,31,6,1,31,5,0,1,0.8668778997501816,48,3,1809.5733333333333,527.2023605874781,29.7,17.2,0.0,11.8,0,0,0,0,1,0,0,0,0,1,0,1,0,0,0,0
2487.0,21,0,0,1,1,0,2,0.751477293075286,40,3,1809.5733333333333,527.2023605874781,31.4,19.7,0.0,13.2,0,0,0,0,1,0,0,0,0,1,0,1,0,0,0,0
1530.0,22,1,0,2,1,0,3,0.6514390575310556,40,3,1809.5733333333333,527.2023605874781,32.3,20.5,0.0,15.7,0,0,0,0,1,0,0,0,0,1,0,1,0,0,0,0
1530.0,23,2,0,3,1,0,4,0.5647181220077593,36,3,1809.5733333333333,527.2023605874781,32.3,20.1,0.0,13.0,0,0,0,0,1,0,0,0,0,1,0,1,0,0,0,0
1530.0,24,3,0,4,1,0,5,0.4895416595569531,25,2,1809.5733333333333,527.2023605874781,31.2,20.4,0.0,16.7,0,0,0,0,1,0,0,0,0,1,0,1,0,0,0,0
1496.0,25,4,0,5,1,0,6,0.42437284567695,39,3,1809.5733333333333,527.2023605874781,28.7,21.0,0.9,17.4,0,0,0,0,1,0,0,0,0,1,0,0,1,0,0,0
1530.0,26,5,1,6,1,0,7,0.36787944117144233,39,3,1809.5733333333333,527.2023605874781,31.9,19.5,0.0,15.7,0,0,0,0,1,0,0,0,0,1,0,1,0,0,0,0
1530.0,27,6,1,7,1,0,8,0.31890655732397044,41,3,1809.5733333333333,527.2023605874781,33.8,20.7,0.0,17.0,0,0,0,0,1,0,0,0,0,0,1,1,0,0,0,0
1481.0,28,0,0,8,2,0,9,0.2764530466295643,40,3,1809.5733333333333,527.2023605874781,35.4,21.2,0.0,17.6,0,0,0,0,1,0,0,0,0,0,1,1,0,0,0,0
1505.0,29,1,0,9,2,0,10,0.2396510364417758,39,3,1809.5733333333333,527.2023605874781,33.5,22.3,0.3,12.3,0,0,0,0,1,0,0,0,0,0,1,0,1,0,0,0
1823.0,30,2,0,10,2,0,11,0.20774818714360085,39,3,1809.5733333333333,527.2023605874781,32.9,22.0,0.0,15.1,0,0,0,0,1,0,0,0,0,0,1,1,0,0,0,0
2273.0,31,3,0,11,2,0,12,0.1800923121479524,39,3,1809.5733333333333,527.2023605874781,32.3,20.3,0.0,13.5,0,0,0,0,1,0,0,0,0,0,1,1,0,0,0,0
2799.0,32,4,0,12,2,0,13,0.15611804531597107,40,3,1809.5733333333333,527.2023605874781,33.0,22.4,0.0,11.8,0,0,0,0,1,0,0,0,0,0,1,1,0,0,0,0
2699.0,33,5,1,13,2,0,14,0.1353352832366127,39,3,1809.5733333333333,527.2023605874781,25.8,19.8,12.2,13.2,0,0,0,0,1,0,0,0,0,0,1,0,0,0,0,1
2491.0,34,6,1,14,2,0,15,0.11731916609425078,41,3,1809.5733333333333,527.2023605874781,30.7,18.1,0.0,18.2,0,0,0,0,1,0,0,0,0,0,1,1,0,0,0,0
1782.0,1,0,0,15,3,0,16,0.10170139230422684,47,3,1809.5733333333333,527.2023605874781,33.5,16.7,0.0,20.2,0,0,0,0,1,0,0,0,0,0,1,1,0,0,0,0
1269.0,2,1,0,16,3,0,17,0.08816268936235745,49,3,1809.5733333333333,527.2023605874781,35.2,18.7,0.0,22.1,0,0,0,0,1,0,0,0,0,0,1,1,0,0,0,0
1269.0,4,3,0,18,3,0,19,0.06625225915226167,48,3,1809.5733333333333,527.2023605874781,31.7,20.3,0.6,18.6,0,0,0,0,1,0,0,0,0,0,1,1,0,0,0,0
1269.0,5,4,0,19,3,0,20,0.05743261926761735,51,3,1809.5733333333333,527.2023605874781,31.6,21.1,0.0,34.2,0,0,0,0,1,0,0,0,0,0,1,1,0,0,0,0
1479.0,6,5,1,20,3,0,21,0.049787068367863944,48,3,1809.5733333333333,527.2023605874781,31.7,20.8,0.0,27.7,0,0,0,0,1,0,0,0,0,0,1,1,0,0,0,0
1479.0,7,6,1,21,3,0,22,0.0431593092614526,53,3,1809.5733333333333,527.2023605874781,34.3,21.8,0.0,16.7,0,0,0,0,1,0,0,0,0,0,1,1,0,0,0,0
1269.0,8,0,0,22,4,0,23,0.03741385136723659,47,3,1809.5733333333333,527.2023605874781,35.8,23.2,0.0,13.8,0,0,0,0,1,0,0,0,0,0,1,1,0,0,0,0
1269.0,9,1,0,23,4,0,24,0.032433240894795524,49,3,1809.5733333333333,527.2023605874781,37.3,24.0,0.0,10.3,0,0,0,0,1,0,0,0,0,0,1,1,0,0,0,0
1269.0,10,2,0,24,4,0,25,0.028115659748972035,46,3,1809.5733333333333,527.2023605874781,36.4,24.7,0.0,13.5,0,0,0,0,1,0,0,0,0,0,1,1,0,0,0,0
1478.0,11,3,0,25,4,0,26,0.0243728440732796,45,3,1809.5733333333333,527.2023605874781,33.1,24.9,0.0,19.8,0,0,0,0,1,0,0,0,0,0,1,1,0,0,0,0
2131.0,12,4,0,26,4,0,27,0.02112827988118328,53,3,1809.5733333333333,527.2023605874781,33.0,23.2,0.0,19.9,0,0,0,0,1,0,0,0,0,0,1,1,0,0,0,0
2131.0,13,5,1,27,4,0,28,0.01831563888873418,48,3,1809.5733333333333,527.2023605874781,32.9,20.8,0.0,14.5,0,0,0,0,1,0,0,0,0,0,1,1,0,0,0,0
2169.0,14,6,1,28,4,0,29,0.015877422572448632,53,3,1809.5733333333333,527.2023605874781,35.9,21.1,0.0,27.6,0,0,0,0,1,0,0,0,0,0,1,1,0,0,0,0
2131.0,15,0,0,29,5,0,30,0.013763786733050402,50,3,1809.5733333333333,527.2023605874781,29.7,18.0,0.0,14.8,0,0,0,0,1,0,0,0,0,0,1,1,0,0,0,0
2170.0,16,1,0,30,5,0,31,0.011931522535756143,51,3,1809.5733333333333,527.2023605874781,29.7,18.0,0.0,14.8,0,0,0,0,1,0,0,0,0,0,1,1,0,0,0,0
2179.0,17,2,0,1,1,0,32,0.01034317319661825,49,3,1809.5733333333333,527.2023605874781,29.7,18.0,0.0,14.8,0,0,0,0,1,0,0,0,0,0,1,1,0,0,0,0
2179.0,18,3,0,2,1,0,33,0.008966268257436799,48,3,1809.5733333333333,527.2023605874781,29.7,18.0,0.0,14.8,0,0,0,0,1,0,0,0,0,0,1,1,0,0,0,0
2179.0,19,4,0,3,1,0,34,0.0077726597956035365,54,3,1809.5733333333333,527.2023605874781,29.7,18.0,0.0,14.8,0,0,0,0,1,0,0,0,0,0,1,1,0,0,0,0
2015.0,20,5,1,4,1,0,35,0.006737946999085467,50,3,1809.5733333333333,527.2023605874781,29.7,18.0,0.0,14.8,0,0,0,0,1,0,0,0,0,0,1,1,0,0,0,0
2170.0,21,6,1,5,1,0,36,0.005840977343195246,55,3,1809.5733333333333,527.2023605874781,29.7,18.0,0.0,14.8,0,0,0,0,1,0,0,0,0,0,1,1,0,0,0,0
2170.0,22,0,0,6,1,0,37,0.005063414171757493,49,3,1809.5733333333333,527.2023605874781,29.7,18.0,0.0,14.8,0,0,0,0,1,0,0,0,0,0,1,1,0,0,0,0
2170.0,23,1,0,7,1,0,38,0.0043893618427784395,49,3,1809.5733333333333,527.2023605874781,29.7,18.0,0.0,14.8,0,0,0,0,1,0,0,0,0,0,1,1,0,0,0,0
2015.0,24,2,0,8,2,0,39,0.003805040775511363,47,3,1809.5733333333333,527.2023605874781,29.7,18.0,0.0,14.8,0,0,0,0,1,0,0,0,0,0,1,1,0,0,0,0
2015.0,25,3,0,9,2,0,40,0.0032985057559390915,48,3,1809.5733333333333,527.2023605874781,29.7,18.0,0.0,14.8,0,0,0,0,1,0,0,0,0,0,1,1,0,0,0,0
2015.0,26,4,0,10,2,0,41,0.002859401742022366,50,3,1809.5733333333333,527.2023605874781,29.7,18.0,0.0,14.8,0,0,0,0,1,0,0,0,0,0,1,1,0,0,0,0
2015.0,27,5,1,11,2,0,42,0.0024787521766663585,50,3,1809.5733333333333,527.2023605874781,29.7,18.0,0.0,14.8,0,0,0,0,1,0,0,0,0,0,1,1,0,0,0,0
2015.0,28,6,1,12,2,0,43,0.002148775480909723,55,3,1809.5733333333333,527.2023605874781,29.7,18.0,0.0,14.8,0,0,0,0,1,0,0,0,0,0,1,1,0,0,0,0
2179.0,29,0,0,13,2,0,44,0.0018627259759257083,51,3,1809.5733333333333,527.2023605874781,29.7,18.0,0.0,14.8,0,0,0,0,1,0,0,0,0,0,1,1,0,0,0,0
2015.0,30,1,0,14,2,0,45,0.0016147559818205847,49,3,1809.5733333333333,527.2023605874781,29.7,18.0,0.0,14.8,0,0,0,0,1,0,0,0,0,0,1,1,0,0,0,0
2281.0,31,2,0,15,3,0,46,0.0013997962741296717,47,3,1809.5733333333333,527.2023605874781,29.7,18.0,0.0,14.8,0,0,0,0,1,0,0,0,0,0,1,1,0,0,0,0
2063.0,1,4,0,1,1,0,26,0.0243728440732796,37,3,2197.3289473684213,833.8728822093991,22.4,13.7,0.8,12.6,0,0,0,0,0,1,0,0,0,0,1,0,1,0,0,0
1329.0,2,5,1,2,1,0,25,0.028115659748972035,51,3,2197.3289473684213,833.8728822093991,19.8,13.4,7.9,14.1,0,0,0,0,0,1,0,0,0,0,1,0,0,0,0,1
1478.0,3,6,1,3,1,0,24,0.032433240894795524,49,3,2197.3289473684213,833.8728822093991,18.5,10.9,10.2,17.1,0,0,0,0,0,1,0,0,0,0,1,0,0,0,0,1
1478.0,4,0,0,4,1,0,23,0.03741385136723659,46,3,2197.3289473684213,833.8728822093991,18.5,9.6,0.1,28.2,0,0,0,0,0,1,0,0,0,0,1,0,1,0,0,0
1478.0,5,1,0,5,1,0,22,0.0431593092614526,44,3,2197.3289473684213,833.8728822093991,21.8,11.2,0.0,22.0,0,0,0,0,0,1,0,0,0,0,1,1,0,0,0,0
1479.0,6,2,0,6,1,0,21,0.049787068367863944,42,3,2197.3289473684213,833.8728822093991,22.3,9.5,0.0,19.2,0,0,0,0,0,1,0,0,0,0,1,1,0,0,0,0
1478.0,7,3,0,7,1,0,20,0.05743261926761735,47,3,2197.3289473684213,833.8728822093991,24.8,9.4,0.0,15.7,0,0,0,0,0,1,0,0,0,0,1,1,0,0,0,0
1609.0,8,4,0,8,2,0,19,0.06625225915226167,52,3,2197.3289473684213,833.8728822093991,27.1,11.6,0.0,13.1,0,0,0,0,0,1,0,0,0,0,1,1,0,0,0,0
1874.0,9,5,1,9,2,0,18,0.07642628699076807,48,3,2197.3289473684213,833.8728822093991,28.4,13.9,0.0,12.8,0,0,0,0,0,1,0,0,0,0,1,1,0,0,0,0
1690.0,10,6,1,10,2,0,17,0.08816268936235745,49,3,2197.3289473684213,833.8728822093991,26.1,14.2,0.0,13.8,0,0,0,0,0,1,0,0,0,0,1,1,0,0,0,0
1478.0,11,0,0,11,2,0,16,0.10170139230422684,43,3,2197.3289473684213,833.8728822093991,25.1,13.5,0.0,10.1,0,0,0,0,0,1,0,0,0,0,1,1,0,0,0,0
1478.0,12,1,0,12,2,0,15,0.11731916609425078,50,3,2197.3289473684213,833.8728822093991,25.3,15.0,0.0,10.4,0,0,0,0,0,1,0,0,0,0,1,1,0,0,0,0
1513.0,13,2,0,13,2,0,14,0.1353352832366127,43,3,2197.3289473684213,833.8728822093991,24.3,13.2,0.0,10.5,0,0,0,0,0,1,0,0,0,0,1,1,0,0,0,0
1478.0,14,3,0,14,2,0,13,0.15611804531597107,49,3,2197.3289473684213,833.8728822093991,21.6,16.1,7.3,18.0,0,0,0,0,0,1,0,0,0,0,1,0,0,0,0,1
2716.0,15,4,0,15,3,0,12,0.1800923121479524,47,3,2197.3289473684213,833.8728822093991,23.3,12.0,0.2,17.8,0,0,0,0,0,1,0,0,0,0,1,0,1,0,0,0
2843.0,16,5,1,16,3,0,11,0.20774818714360085,46,3,2197.3289473684213,833.8728822093991,26.2,12.5,0.4,16.6,0,0,0,0,0,1,0,0,0,0,1,0,1,0,0,0
2800.0,17,6,1,17,3,0,10,0.2396510364417758,47,3,2197.3289473684213,833.8728822093991,23.3,15.6,0.1,11.4,0,0,0,0,0,1,0,0,0,0,1,0,1,0,0,0
1690.0,18,0,0,18,3,0,9,0.2764530466295643,45,3,2197.3289473684213,833.8728822093991,29.3,16.0,0.0,21.4,0,0,0,0,0,1,0,0,0,0,1,1,0,0,0,0
2392.0,19,1,0,19,3,0,8,0.31890655732397044,50,3,2197.3289473684213,833.8728822093991,27.8,17.4,0.0,17.4,0,0,0,0,0,1,0,0,0,0,1,1,0,0,0,0
2843.0,20,2,0,20,3,0,7,0.36787944117144233,48,3,2197.3289473684213,833.8728822093991,24.0,16.5,2.5,16.2,0,0,0,0,0,1,0,0,1,0,0,0,1,0,0,0
2805.0,21,3,0,21,3,0,6,0.42437284567695,48,3,2197.3289473684213,833.8728822093991,29.1,17.3,0.0,19.2,0,0,0,0,0,1,0,0,1,0,0,1,0,0,0,0
4249.0,22,4,0,22,4,0,5,0.4895416595569531,48,3,2197.3289473684213,833.8728822093991,25.3,16.1,2.3,15.4,0,0,0,0,0,1,0,0,1,0,0,0,1,0,0,0
4681.0,23,5,1,23,4,0,4,0.5647181220077593,41,3,2197.3289473684213,833.8728822093991,22.8,15.0,11.8,13.9,0,0,0,0,0,1,0,0,1,0,0,0,0,0,0,1
4249.0,24,6,1,24,4,0,3,0.6514390575310556,42,3,2197.3289473684213,833.8728822093991,23.3,15.6,3.8,15.5,0,0,0,0,0,1,0,0,1,0,0,0,1,0,0,0
4754.0,25,0,0,25,4,0,2,0.751477293075286,40,3,2197.3289473684213,833.8728822093991,26.2,14.8,0.6,13.7,0,0,0,0,0,1,0,0,1,0,0,0,1,0,0,0
4745.0,26,1,0,26,4,0,1,0.8668778997501816,48,3,2197.3289473684213,833.8728822093991,29.5,16.9,0.0,14.3,0,0,0,0,0,1,0,0,1,0,0,1,0,0,0,0
4010.0,27,2,0,27,4,1,0,1.0,45,3,2197.3289473684213,833.8728822093991,30.9,16.5,0.0,13.0,0,0,0,0,0,1,0,1,0,0,0,1,0,0,0,0
3710.0,28,3,0,28,4,1,0,1.0,44,3,2197.3289473684213,833.8728822093991,30.3,16.5,0.3,16.2,0,0,0,0,0,1,0,1,0,0,0,0,1,0,0,0
2846.0,29,4,0,29,5,1,0,1.0,44,3,2197.3289473684213,833.8728822093991,31.0,18.2,0.2,15.9,0,0,0,0,0,1,0,1,0,0,0,0,1,0,0,0
2130.0,30,5,1,30,5,1,0,1.0,49,3,2197.3289473684213,833.8728822093991,30.4,19.3,0.0,21.3,0,0,0,0,0,1,0,1,0,0,0,1,0,0,0,0
2130.0,31,6,1,31,5,0,1,0.8668778997501816,55,3,2197.3289473684213,833.8728822093991,28.0,15.3,0.0,15.2,0,0,0,0,0,1,0,0,0,1,0,1,0,0,0,0
2539.0,21,0,0,1,1,0,2,0.751477293075286,48,3,2197.3289473684213,833.8728822093991,28.1,15.6,0.0,16.9,0,0,0,0,0,1,0,0,0,1,0,1,0,0,0,0
2429.0,22,1,0,2,1,0,3,0.6514390575310556,44,3,2197.3289473684213,833.8728822093991,28.2,16.3,0.0,14.0,0,0,0,0,0,1,0,0,0,1,0,1,0,0,0,0
2443.0,23,2,0,3,1,0,4,0.5647181220077593,40,3,2197.3289473684213,833.8728822093991,27.7,16.8,0.0,13.1,0,0,0,0,0,1,0,0,0,1,0,1,0,0,0,0
1530.0,24,3,0,4,1,0,5,0.4895416595569531,44,3,2197.3289473684213,833.8728822093991,27.8,18.5,0.0,12.2,0,0,0,0,0,1,0,0,0,1,0,1,0,0,0,0
1738.0,25,4,0,5,1,0,6,0.42437284567695,42,3,2197.3289473684213,833.8728822093991,27.5,16.9,0.0,13.6,0,0,0,0,0,1,0,0,0,1,0,1,0,0,0,0
1712.0,26,5,1,6,1,0,7,0.36787944117144233,42,3,2197.3289473684213,833.8728822093991,29.7,17.6,0.0,13.6,0,0,0,0,0,1,0,0,0,1,0,1,0,0,0,0
2128.0,27,6,1,7,1,0,8,0.31890655732397044,42,3,2197.3289473684213,833.8728822093991,34.7,20.1,0.0,17.5,0,0,0,0,0,1,0,0,0,0,1,1,0,0,0,0
2539.0,28,0,0,8,2,0,9,0.2764530466295643,42,3,2197.3289473684213,833.8728822093991,30.9,20.5,0.0,13.2,0,0,0,0,0,1,0,0,0,0,1,1,0,0,0,0
1712.0,29,1,0,9,2,0,10,0.2396510364417758,44,3,2197.3289473684213,833.8728822093991,31.5,20.5,0.3,16.2,0,0,0,0,0,1,0,0,0,0,1,0,1,0,0,0
2417.0,30,2,0,10,2,0,11,0.20774818714360085,42,3,2197.3289473684213,833.8728822093991,32.2,19.8,0.6,14.3,0,0,0,0,0,1,0,0,0,0,1,0,1,0,0,0
1957.0,31,3,0,11,2,0,12,0.1800923121479524,44,3,2197.3289473684213,833.8728822093991,30.6,19.5,0.0,11.9,0,0,0,0,0,1,0,0,0,0,1,1,0,0,0,0
2539.0,32,4,0,12,2,0,13,0.15611804531597107,42,3,2197.3289473684213,833.8728822093991,30.6,19.9,0.2,12.6,0,0,0,0,0,1,0,0,0,0,1,0,1,0,0,0
3189.0,33,5,1,13,2,0,14,0.1353352832366127,42,3,2197.3289473684213,833.8728822093991,28.1,20.7,3.0,13.1,0,0,0,0,0,1,0,0,0,0,1,0,1,0,0,0
2851.0,34,6,1,14,2,0,15,0.11731916609425078,42,3,2197.3289473684213,833.8728822093991,32.0,22.2,0.0,21.3,0,0,0,0,0,1,0,0,0,0,1,1,0,0,0,0
2492.0,1,0,0,15,3,0,16,0.10170139230422684,46,3,2197.3289473684213,833.8728822093991,30.9,21.7,0.0,19.2,0,0,0,0,0,1,0,0,0,0,1,1,0,0,0,0
1521.0,2,1,0,16,3,0,17,0.08816268936235745,53,3,2197.3289473684213,833.8728822093991,29.1,21.1,0.0,18.6,0,0,0,0,0,1,0,0,0,0,1,1,0,0,0,0
1479.0,3,2,0,17,3,0,18,0.07642628699076807,46,3,2197.3289473684213,833.8728822093991,29.8,21.7,0.0,16.0,0,0,0,0,0,1,0,0,0,0,1,1,0,0,0,0
1479.0,4,3,0,18,3,0,19,0.06625225915226167,52,3,2197.3289473684213,833.8728822093991,29.2,24.0,1.05,13.3,0,0,0,0,0,1,0,0,0,0,1,1,0,0,0,0
1481.0,5,4,0,19,3,0,20,0.05743261926761735,49,3,2197.3289473684213,833.8728822093991,30.8,24.7,1.8,18.2,0,0,0,0,0,1,0,0,0,0,1,0,0,0,0,1
1632.0,6,5,1,20,3,0,21,0.049787068367863944,54,3,2197.3289473684213,833.8728822093991,33.0,24.7,0.0,17.0,0,0,0,0,0,1,0,0,0,0,1,1,0,0,0,0
1510.0,7,6,1,21,3,0,22,0.0431593092614526,54,3,2197.3289473684213,833.8728822093991,36.6,22.9,0.0,19.3,0,0,0,0,0,1,0,0,0,0,1,1,0,0,0,0
1479.0,8,0,0,22,4,0,23,0.03741385136723659,50,3,2197.3289473684213,833.8728822093991,36.7,22.9,0.0,16.8,0,0,0,0,0,1,0,0,0,0,1,1,0,0,0,0
1479.0,9,1,0,23,4,0,24,0.032433240894795524,54,3,2197.3289473684213,833.8728822093991,35.7,22.6,0.0,15.4,0,0,0,0,0,1,0,0,0,0,1,1,0,0,0,0
1478.0,10,2,0,24,4,0,25,0.028115659748972035,49,3,2197.3289473684213,833.8728822093991,34.2,21.9,0.0,12.8,0,0,0,0,0,1,0,0,0,0,1,1,0,0,0,0
1478.0,11,3,0,25,4,0,26,0.0243728440732796,50,3,2197.3289473684213,833.8728822093991,31.0,23.0,0.0,12.0,0,0,0,0,0,1,0,0,0,0,1,1,0,0,0,0
1692.0,12,4,0,26,4,0,27,0.02112827988118328,55,3,2197.3289473684213,833.8728822093991,31.0,23.4,0.6,11.5,0,0,0,0,0,1,0,0,0,0,1,0,1,0,0,0
2169.0,13,5,1,27,4,0,28,0.01831563888873418,53,3,2197.3289473684213,833.8728822093991,30.3,23.8,1.8,12.9,0,0,0,0,0,1,0,0,0,0,1,0,1,0,0,0
1957.0,14,6,1,28,4,0,29,0.015877422572448632,56,3,2197.3289473684213,833.8728822093991,32.6,22.0,0.0,24.4,0,0,0,0,0,1,0,0,0,0,1,1,0,0,0,0
1957.0,15,0,0,29,5,0,30,0.013763786733050402,52,3,2197.3289473684213,833.8728822093991,28.4,16.9,0.0,15.4,0,0,0,0,0,1,0,0,0,0,1,1,0,0,0,0
1692.0,16,1,0,30,5,0,31,0.011931522535756143,61,3,2197.3289473684213,833.8728822093991,28.4,16.9,0.0,15.4,0,0,0,0,0,1,0,0,0,0,1,1,0,0,0,0
1700.0,17,2,0,1,1,0,32,0.01034317319661825,53,3,2197.3289473684213,833.8728822093991,28.4,16.9,0.0,15.4,0,0,0,0,0,1,0,0,0,0,1,1,0,0,0,0
1965.0,18,3,0,2,1,0,33,0.008966268257436799,55,3,2197.3289473684213,833.8728822093991,28.4,16.9,0.0,15.4,0,0,0,0,0,1,0,0,0,0,1,1,0,0,0,0
1965.0,19,4,0,3,1,0,34,0.0077726597956035365,54,3,2197.3289473684213,833.8728822093991,28.4,16.9,0.0,15.4,0,0,0,0,0,1,0,0,0,0,1,1,0,0,0,0
1700.0,20,5,1,4,1,0,35,0.006737946999085467,56,3,2197.3289473684213,833.8728822093991,28.4,16.9,0.0,15.4,0,0,0,0,0,1,0,0,0,0,1,1,0,0,0,0
2179.0,21,6,1,5,1,0,36,0.005840977343195246,59,3,2197.3289473684213,833.8728822093991,28.4,16.9,0.0,15.4,0,0,0,0,0,1,0,0,0,0,1,1,0,0,0,0
1965.0,22,0,0,6,1,0,37,0.005063414171757493,51,3,2197.3289473684213,833.8728822093991,28.4,16.9,0.0,15.4,0,0,0,0,0,1,0,0,0,0,1,1,0,0,0,0
1965.0,23,1,0,7,1,0,38,0.0043893618427784395,52,3,2197.3289473684213,833.8728822093991,28.4,16.9,0.0,15.4,0,0,0,0,0,1,0,0,0,0,1,1,0,0,0,0
1965.0,24,2,0,8,2,0,39,0.003805040775511363,51,3,2197.3289473684213,833.8728822093991,28.4,16.9,0.0,15.4,0,0,0,0,0,1,0,0,0,0,1,1,0,0,0,0
1700.0,25,3,0,9,2,0,40,0.0032985057559390915,54,3,2197.3289473684213,833.8728822093991,28.4,16.9,0.0,15.4,0,0,0,0,0,1,0,0,0,0,1,1,0,0,0,0
1700.0,26,4,0,10,2,0,41,0.002859401742022366,54,3,2197.3289473684213,833.8728822093991,28.4,16.9,0.0,15.4,0,0,0,0,0,1,0,0,0,0,1,1,0,0,0,0
2547.0,27,5,1,11,2,0,42,0.0024787521766663585,55,3,2197.3289473684213,833.8728822093991,28.4,16.9,0.0,15.4,0,0,0,0,0,1,0,0,0,0,1,1,0,0,0,0
2179.0,28,6,1,12,2,0,43,0.002148775480909723,57,3,2197.3289473684213,833.8728822093991,28.4,16.9,0.0,15.4,0,0,0,0,0,1,0,0,0,0,1,1,0,0,0,0
2179.0,29,0,0,13,2,0,44,0.0018627259759257083,52,3,2197.3289473684213,833.8728822093991,28.4,16.9,0.0,15.4,0,0,0,0,0,1,0,0,0,0,1,1,0,0,0,0
2547.0,30,1,0,14,2,0,45,0.0016147559818205847,52,3,2197.3289473684213,833.8728822093991,28.4,16.9,0.0,15.4,0,0,0,0,0,1,0,0,0,0,1,1,0,0,0,0
2547.0,31,2,0,15,3,0,46,0.0013997962741296717,51,3,2197.3289473684213,833.8728822093991,28.4,16.9,0.0,15.4,0,0,0,0,0,1,0,0,0,0,1,1,0,0,0,0
1478.0,1,4,0,1,1,0,26,0.0243728440732796,17,2,1637.92,383.0293814148297,16.2,6.4,2.8,17.4,0,0,0,0,0,0,1,0,0,0,1,0,1,0,0,0
1267.0,2,5,1,2,1,0,25,0.028115659748972035,15,2,1637.92,383.0293814148297,9.2,5.5,6.1,15.3,0,0,0,0,0,0,1,0,0,0,1,0,0,0,0,1
1479.0,3,6,1,3,1,0,24,0.032433240894795524,12,2,1637.92,383.0293814148297,10.4,4.3,8.2,20.2,1,0,0,0,0,0,1,0,0,0,1,0,0,0,1,0
1478.0,4,0,0,4,1,0,23,0.03741385136723659,15,2,1637.92,383.0293814148297,7.5,3.3,8.1,16.3,0,0,0,0,0,0,1,0,0,0,1,0,1,0,0,0
1049.0,5,1,0,5,1,0,22,0.0431593092614526,15,2,1637.92,383.0293814148297,12.1,3.2,1.3,12.9,0,0,0,0,0,0,1,0,0,0,1,0,1,0,0,0
1478.0,6,2,0,6,1,0,21,0.049787068367863944,14,2,1637.92,383.0293814148297,14.3,4.4,0.3,10.8,0,0,0,0,0,0,1,0,0,0,1,0,1,0,0,0
1267.0,7,3,0,7,1,0,20,0.05743261926761735,13,2,1637.92,383.0293814148297,17.8,4.3,0.0,8.1,0,0,0,0,0,0,1,0,0,0,1,1,0,0,0,0
1049.0,8,4,0,8,2,0,19,0.06625225915226167,17,2,1637.92,383.0293814148297,20.5,7.8,0.0,10.4,0,0,0,0,0,0,1,0,0,0,1,1,0,0,0,0
1267.0,9,5,1,9,2,0,18,0.07642628699076807,14,2,1637.92,383.0293814148297,21.1,10.5,0.7,12.2,0,0,0,0,0,0,1,0,0,0,1,0,1,0,0,0
1267.0,10,6,1,10,2,0,17,0.08816268936235745,18,2,1637.92,383.0293814148297,21.4,10.9,0.3,14.1,0,0,0,0,0,0,1,0,0,0,1,0,1,0,0,0
1478.0,11,0,0,11,2,0,16,0.10170139230422684,15,2,1637.92,383.0293814148297,20.6,10.8,4.9,11.0,0,0,0,0,0,0,1,0,0,0,1,0,0,0,0,1
1478.0,12,1,0,12,2,0,15,0.11731916609425078,14,2,1637.92,383.0293814148297,22.4,9.7,4.1,16.7,0,0,0,0,0,0,1,0,0,0,1,0,0,0,0,1
1478.0,13,2,0,13,2,0,14,0.1353352832366127,16,2,1637.92,383.0293814148297,22.7,10.7,1.2,19.9,0,0,0,0,0,0,1,0,0,0,1,0,1,0,0,0
1478.0,14,3,0,14,2,0,13,0.15611804531597107,14,2,1637.92,383.0293814148297,23.7,11.7,2.1,19.6,0,0,0,0,0,0,1,0,0,0,1,0,1,0,0,0
1478.0,15,4,0,15,3,0,12,0.1800923121479524,17,2,1637.92,383.0293814148297,16.9,9.3,4.2,12.1,0,0,0,0,0,0,1,0,0,0,1,0,1,0,0,0
1478.0,16,5,1,16,3,0,11,0.20774818714360085,16,2,1637.92,383.0293814148297,20.3,6.6,0.0,10.8,0,0,0,0,0,0,1,0,0,0,1,1,0,0,0,0
1478.0,17,6,1,17,3,0,10,0.2396510364417758,14,2,1637.92,383.0293814148297,19.8,11.4,5.3,17.5,0,0,0,0,0,0,1,0,0,0,1,0,0,0,0,1
1478.0,18,0,0,18,3,0,9,0.2764530466295643,16,2,1637.92,383.0293814148297,16.8,8.4,0.9,16.9,0,0,0,0,0,0,1,0,0,0,1,0,1,0,0,0
1478.0,19,1,0,19,3,0,8,0.31890655732397044,16,2,1637.92,383.0293814148297,19.1,8.5,1.0,6.7,0,0,0,0,0,0,1,0,0,0,1,0,1,0,0,0
1478.0,20,2,0,20,3,0,7,0.36787944117144233,16,2,1637.92,383.0293814148297,16.2,11.3,16.9,11.6,0,0,0,0,0,0,1,0,1,0,0,0,0,0,0,1
1478.0,21,3,0,21,3,0,6,0.42437284567695,15,2,1637.92,383.0293814148297,17.9,9.4,13.4,15.5,0,0,0,0,0,0,1,0,1,0,0,0,0,0,0,1
1478.0,22,4,0,22,4,0,5,0.4895416595569531,18,2,1637.92,383.0293814148297,19.1,10.4,3.0,7.3,0,0,0,0,0,0,1,0,1,0,0,0,1,0,0,0
1478.0,23,5,1,23,4,0,4,0.5647181220077593,16,2,1637.92,383.0293814148297,17.6,10.3,14.5,7.1,0,0,0,0,0,0,1,0,1,0,0,0,0,0,0,1
1478.0,24,6,1,24,4,0,3,0.6514390575310556,16,2,1637.92,383.0293814148297,18.6,10.0,11.9,12.7,0,0,0,0,0,0,1,0,1,0,0,0,0,0,0,1
1478.0,25,0,0,25,4,0,2,0.751477293075286,17,2,1637.92,383.0293814148297,20.6,11.2,2.1,6.8,0,0,0,0,0,0,1,0,1,0,0,0,1,0,0,0
1740.0,26,1,0,26,4,0,1,0.8668778997501816,16,2,1637.92,383.0293814148297,20.7,9.2,0.0,9.1,0,0,0,0,0,0,1,0,1,0,0,1,0,0,0,0
1478.0,27,2,0,27,4,1,0,1.0,16,2,1637.92,383.0293814148297,23.6,10.6,0.0,4.7,0,0,0,0,0,0,1,1,0,0,0,1,0,0,0,0
1478.0,28,3,0,28,4,1,0,1.0,15,2,1637.92,383.0293814148297,23.0,12.8,1.7,13.5,0,0,0,0,0,0,1,1,0,0,0,0,1,0,0,0
1478.0,29,4,0,29,5,1,0,1.0,17,2,1637.92,383.0293814148297,18.3,8.4,0.2,19.3,0,0,0,0,0,0,1,1,0,0,0,0,1,0,0,0
1852.0,30,5,1,30,5,1,0,1.0,16,2,1637.92,383.0293814148297,18.2,5.5,0.0,16.4,0,0,0,0,0,0,1,1,0,0,0,1,0,0,0,0
2587.0,31,6,1,31,5,0,1,0.8668778997501816,16,2,1637.92,383.0293814148297,22.0,9.2,0.0,10.9,0,0,0,0,0,0,1,0,0,1,0,1,0,0,0,0
2784.0,21,0,0,1,1,0,2,0.751477293075286,16,2,1637.92,383.0293814148297,23.8,12.7,0.9,16.3,0,0,0,0,0,0,1,0,0,1,0,0,1,0,0,0
1530.0,22,1,0,2,1,0,3,0.6514390575310556,13,2,1637.92,383.0293814148297,26.0,12.4,0.0,8.1,0,0,0,0,0,0,1,0,0,1,0,1,0,0,0,0
1481.0,23,2,0,3,1,0,4,0.5647181220077593,14,2,1637.92,383.0293814148297,27.6,15.5,0.0,12.2,0,0,0,0,0,0,1,0,0,1,0,1,0,0,0,0
1481.0,24,3,0,4,1,0,5,0.4895416595569531,14,2,1637.92,383.0293814148297,27.8,14.2,0.3,11.5,0,0,0,0,0,0,1,0,0,1,0,0,1,0,0,0
1530.0,25,4,0,5,1,0,6,0.42437284567695,15,2,1637.92,383.0293814148297,27.3,15.2,4.9,14.8,0,0,0,0,0,0,1,0,0,1,0,0,0,0,0,1
1481.0,26,5,1,6,1,0,7,0.36787944117144233,14,2,1637.92,383.0293814148297,27.2,15.1,0.3,11.2,0,0,0,0,0,0,1,0,0,1,0,0,1,0,0,0
1530.0,27,6,1,7,1,0,8,0.31890655732397044,13,2,1637.92,383.0293814148297,28.4,14.9,0.0,9.9,0,0,0,0,0,0,1,0,0,0,1,1,0,0,0,0
1481.0,28,0,0,8,2,0,9,0.2764530466295643,15,2,1637.92,383.0293814148297,28.1,15.5,0.2,13.4,0,0,0,0,0,0,1,0,0,0,1,0,1,0,0,0
1530.0,29,1,0,9,2,0,10,0.2396510364417758,13,2,1637.92,383.0293814148297,28.9,15.7,0.3,13.4,0,0,0,0,0,0,1,0,0,0,1,0,1,0,0,0
1487.0,30,2,0,10,2,0,11,0.20774818714360085,14,2,1637.92,383.0293814148297,24.0,16.6,3.5,14.4,0,0,0,0,0,0,1,0,0,0,1,0,1,0,0,0
2128.0,31,3,0,11,2,0,12,0.1800923121479524,14,2,1637.92,383.0293814148297,26.8,13.3,0.1,9.4,0,0,0,0,0,0,1,0,0,0,1,0,1,0,0,0
2128.0,32,4,0,12,2,0,13,0.15611804531597107,15,2,1637.92,383.0293814148297,28.5,14.6,0.0,11.8,0,0,0,0,0,0,1,0,0,0,1,1,0,0,0,0
2385.0,33,5,1,13,2,0,14,0.1353352832366127,14,2,1637.92,383.0293814148297,23.8,15.8,10.6,9.3,0,0,0,0,0,0,1,0,0,0,1,0,0,0,0,1
2697.0,34,6,1,14,2,0,15,0.11731916609425078,13,2,1637.92,383.0293814148297,21.8,12.6,1.1,12.4,0,0,0,0,0,0,1,0,0,0,1,0,0,0,0,1
1479.0,1,0,0,15,3,0,16,0.10170139230422684,13,2,1637.92,383.0293814148297,24.9,10.5,0.0,7.1,0,0,0,0,0,0,1,0,0,0,1,1,0,0,0,0
1269.0,2,1,0,16,3,0,17,0.08816268936235745,13,2,1637.92,383.0293814148297,28.1,10.8,0.0,10.3,0,0,0,0,0,0,1,0,0,0,1,1,0,0,0,0
1269.0,3,2,0,17,3,0,18,0.07642628699076807,13,2,1637.92,383.0293814148297,29.5,13.2,0.0,12.7,0,0,0,0,0,0,1,0,0,0,1,1,0,0,0,0
1269.0,4,3,0,18,3,0,19,0.06625225915226167,15,2,1637.92,383.0293814148297,27.5,16.4,2.8,13.6,0,0,0,0,0,0,1,0,0,0,1,0,0,0,0,1
1269.0,5,4,0,19,3,0,20,0.05743261926761735,15,2,1637.92,383.0293814148297,19.4,14.7,29.3,17.6,1,0,0,0,0,0,1,0,0,0,1,0,0,1,0,0
1269.0,6,5,1,20,3,0,21,0.049787068367863944,14,2,1637.92,383.0293814148297,20.1,13.8,0.6,13.3,0,0,0,0,0,0,1,0,0,0,1,0,0,0,0,1
1269.0,7,6,1,21,3,0,22,0.0431593092614526,15,2,1637.92,383.0293814148297,25.3,13.3,0.0,8.3,0,0,0,0,0,0,1,0,0,0,1,1,0,0,0,0
1269.0,9,1,0,23,4,0,24,0.032433240894795524,13,2,1637.92,383.0293814148297,30.6,16.9,0.0,9.9,0,0,0,0,0,0,1,0,0,0,1,1,0,0,0,0
1269.0,10,2,0,24,4,0,25,0.028115659748972035,13,2,1637.92,383.0293814148297,31.5,18.5,0.0,10.3,0,0,0,0,0,0,1,0,0,0,1,1,0,0,0,0
1269.0,11,3,0,25,4,0,26,0.0243728440732796,14,2,1637.92,383.0293814148297,29.9,18.6,0.6,13.7,0,0,0,0,0,0,1,0,0,0,1,0,1,0,0,0
1269.0,12,4,0,26,4,0,27,0.02112827988118328,16,2,1637.92,383.0293814148297,24.6,17.0,0.0,13.8,0,0,0,0,0,0,1,0,0,0,1,1,0,0,0,0
1269.0,13,5,1,27,4,0,28,0.01831563888873418,14,2,1637.92,383.0293814148297,27.0,13.9,0.0,10.1,0,0,0,0,0,0,1,0,0,0,1,1,0,0,0,0
1742.0,14,6,1,28,4,0,29,0.015877422572448632,17,2,1637.92,383.0293814148297,26.8,15.3,7.65,26.4,0,0,0,0,0,0,1,0,0,0,1,0,0,0,0,1
1742.0,15,0,0,29,5,0,30,0.013763786733050402,14,2,1637.92,383.0293814148297,22.4,11.3,0.0,12.2,0,0,0,0,0,0,1,0,0,0,1,1,0,0,0,0
1742.0,16,1,0,30,5,0,31,0.011931522535756143,14,2,1637.92,383.0293814148297,22.0,11.2,0.0,12.2,0,0,0,0,0,0,1,0,0,0,1,1,0,0,0,0
1489.0,17,2,0,1,1,0,32,0.01034317319661825,15,2,1637.92,383.0293814148297,22.0,11.2,0.0,12.2,0,0,0,0,0,0,1,0,0,0,1,1,0,0,0,0
2015.0,18,3,0,2,1,0,33,0.008966268257436799,15,2,1637.92,383.0293814148297,22.0,11.2,0.0,12.2,0,0,0,0,0,0,1,0,0,0,1,1,0,0,0,0
2015.0,19,4,0,3,1,0,34,0.0077726597956035365,17,2,1637.92,383.0293814148297,22.0,11.2,0.0,12.2,0,0,0,0,0,0,1,0,0,0,1,1,0,0,0,0
2179.0,20,5,1,4,1,0,35,0.006737946999085467,15,2,1637.92,383.0293814148297,22.0,11.2,0.0,12.2,0,0,0,0,0,0,1,0,0,0,1,1,0,0,0,0
2015.0,21,6,1,5,1,0,36,0.005840977343195246,17,2,1637.92,383.0293814148297,22.0,11.2,0.0,12.2,0,0,0,0,0,0,1,0,0,0,1,1,0,0,0,0
2170.0,22,0,0,6,1,0,37,0.005063414171757493,14,2,1637.92,383.0293814148297,22.0,11.2,0.0,12.2,0,0,0,0,0,0,1,0,0,0,1,1,0,0,0,0
2015.0,23,1,0,7,1,0,38,0.0043893618427784395,13,2,1637.92,383.0293814148297,22.0,11.2,0.0,12.2,0,0,0,0,0,0,1,0,0,0,1,1,0,0,0,0
2015.0,24,2,0,8,2,0,39,0.003805040775511363,14,2,1637.92,383.0293814148297,22.0,11.2,0.0,12.2,0,0,0,0,0,0,1,0,0,0,1,1,0,0,0,0
2179.0,25,3,0,9,2,0,40,0.0032985057559390915,15,2,1637.92,383.0293814148297,22.0,11.2,0.0,12.2,0,0,0,0,0,0,1,0,0,0,1,1,0,0,0,0
2170.0,26,4,0,10,2,0,41,0.002859401742022366,17,2,1637.92,383.0293814148297,22.0,11.2,0.0,12.2,0,0,0,0,0,0,1,0,0,0,1,1,0,0,0,0
2179.0,27,5,1,11,2,0,42,0.0024787521766663585,15,2,1637.92,383.0293814148297,22.0,11.2,0.0,12.2,0,0,0,0,0,0,1,0,0,0,1,1,0,0,0,0
2015.0,28,6,1,12,2,0,43,0.002148775480909723,17,2,1637.92,383.0293814148297,22.0,11.2,0.0,12.2,0,0,0,0,0,0,1,0,0,0,1,1,0,0,0,0
2179.0,29,0,0,13,2,0,44,0.0018627259759257083,15,2,1637.92,383.0293814148297,22.0,11.2,0.0,12.2,0,0,0,0,0,0,1,0,0,0,1,1,0,0,0,0
2015.0,30,1,0,14,2,0,45,0.0016147559818205847,13,2,1637.92,383.0293814148297,22.0,11.2,0.0,12.2,0,0,0,0,0,0,1,0,0,0,1,1,0,0,0,0
2015.0,31,2,0,15,3,0,46,0.0013997962741296717,14,2,1637.92,383.0293814148297,22.0,11.2,0.0,12.2,0,0,0,0,0,0,1,0,0,0,1,1,0,0,0,0
